Security Code,Issuer Name,Security Id,Security Name,Status,Group,Face Value,ISIN No,Instrument
500002,ABB India Limited,ABB,ABB India Ltd,Active,A ,2.00,INE117A01022,Equity,,,,,
500003,Aegis Logistics Ltd.,AEGISLOG,Aegis Logistics Ltd,Active,A ,1.00,INE208C01025,Equity,,,,,
500008,Amara Raja Energy & Mobility Limited,ARE&M,Amara Raja Energy & Mobility Ltd,Active,A ,1.00,INE885A01032,Equity,,,,,
500020,Bombay Dyeing & Mfg. Co. Ltd.,BOMDYEING,Bombay Dyeing & Manufacturing Company Ltd,Active,A ,2.00,INE032A01023,Equity,,,,,
500027,Atul Limited.,ATUL,Atul Ltd,Active,A ,10.00,INE100A01010,Equity,,,,,
500031,Bajaj Electricals Ltd.,BAJAJELEC,Bajaj Electricals Ltd-$,Active,A ,2.00,INE193E01025,Equity,,,,,
500032,Bajaj Hindusthan Sugar Limited,BAJAJHIND,Bajaj Hindusthan Sugar Ltd,Active,A ,1.00,INE306A01021,Equity,,,,,
500033,Force Motors Limited,FORCEMOT,Force Motors Ltd-$,Active,A ,10.00,INE451A01017,Equity,,,,,
500034,Bajaj Finance Limited,BAJFINANCE,Bajaj Finance Ltd,Active,A ,1.00,INE296A01032,Equity,,,,,
500038,Balrampur Chini Mills Ltd.,BALRAMCHIN,Balrampur Chini Mills Ltd,Active,A ,1.00,INE119A01028,Equity,,,,,
500039,Banco Products (India) Ltd.,BANCOINDIA,Banco Products (India) Ltd-$,Active,A ,2.00,INE213C01025,Equity,,,,,
500040,ADITYA BIRLA REAL ESTATE LIMITED,ABREL,Aditya Birla Real Estate Ltd,Active,A ,10.00,INE055A01016,Equity,,,,,
500042,BASF India Ltd,BASF,BASF India Ltd,Active,A ,10.00,INE373A01013,Equity,,,,,
500043,Bata India Limited,BATAINDIA,Bata India Ltd,Active,A ,5.00,INE176A01028,Equity,,,,,
500048,BEML Ltd,BEML,BEML Ltd,Active,A ,5.00,INE258A01024,Equity,,,,,
500049,Bharat Electronics Ltd.,BEL,Bharat Electronics Ltd,Active,A ,1.00,INE263A01024,Equity,,,,,
500067,Blue Star Ltd,BLUESTARCO,Blue Star Ltd,Active,A ,2.00,INE472A01039,Equity,,,,,
500084,CESC Limited,CESC,CESC Ltd,Active,A ,1.00,INE486A01021,Equity,,,,,
500085,Chambal Fertilisers & Chemicals Ltd,CHAMBLFERT,Chambal Fertilisers & Chemicals Ltd,Active,A ,10.00,INE085A01013,Equity,,,,,
500086,Exide Industries Ltd.,EXIDEIND,Exide Industries Ltd,Active,A ,1.00,INE302A01020,Equity,,,,,
500087,Cipla Ltd.,CIPLA,Cipla Ltd,Active,A ,2.00,INE059A01026,Equity,,,,,
500092,CRISIL Ltd.,CRISIL,CRISIL Ltd,Active,A ,1.00,INE007A01025,Equity,,,,,
500093,CG Power and Industrial Solutions Limited,CGPOWER,CG Power and Industrial Solutions Ltd,Active,A ,2.00,INE067A01029,Equity,,,,,
500096,Dabur India Ltd.,DABUR,Dabur India Ltd,Active,A ,1.00,INE016A01026,Equity,,,,,
500101,Arvind Ltd.,ARVIND,Arvind Ltd,Active,A ,10.00,INE034A01011,Equity,,,,,
500103,Bharat Heavy Electricals Ltd.,BHEL,Bharat Heavy Electricals Ltd,Active,A ,2.00,INE257A01026,Equity,,,,,
500104,Hindustan Petroleum Corporation Ltd,HINDPETRO,Hindustan Petroleum Corporation Ltd,Active,A ,10.00,INE094A01015,Equity,,,,,
500106,IFCI Ltd.,IFCI,IFCI Ltd,Active,A ,10.00,INE039A01010,Equity,,,,,
500109,Mangalore Refinery & Petrochemicals,MRPL,Mangalore Refinery and Petrochemicals Ltd,Active,A ,10.00,INE103A01014,Equity,,,,,
500110,Chennai Petroleum Corporation Ltd.,CHENNPETRO,Chennai Petroleum Corporation Ltd,Active,A ,10.00,INE178A01016,Equity,,,,,
500112,State Bank Of India,SBIN,State Bank of India,Active,A ,1.00,INE062A01020,Equity,,,,,
500113,Steel Authority of India Ltd.,SAIL,Steel Authority of India Ltd,Active,A ,10.00,INE114A01011,Equity,,,,,
500114,Titan Company Limited,TITAN,Titan Company Ltd,Active,A ,1.00,INE280A01028,Equity,,,,,
500116,IDBI Bank Ltd,IDBI,IDBI Bank Ltd,Active,A ,10.00,INE008A01015,Equity,,,,,
500124,Dr. Reddy's Laboratories Ltd.,DRREDDY,Dr Reddys Laboratories Ltd,Active,A ,1.00,INE089A01031,Equity,,,,,
500125,E.I.D. Parry (India) Ltd.,EIDPARRY,EID Parry India Ltd,Active,A ,1.00,INE126A01031,Equity,,,,,
500126,PROCTER & GAMBLE HEALTH LIMITED,PGHL,Procter & Gamble Health Ltd,Active,A ,10.00,INE199A01012,Equity,,,,,
500128,Electrosteel Castings Ltd.,ELECTCAST,Electrosteel Castings Ltd,Active,A ,1.00,INE086A01029,Equity,,,,,
500133,Esab India Ltd.,ESABINDIA,Esab India Ltd,Active,A ,10.00,INE284A01012,Equity,,,,,
500135,EPL LIMITED,EPL,EPL Ltd,Active,A ,2.00,INE255A01020,Equity,,,,,
500144,Finolex Cables Ltd.,FINCABLES,Finolex Cables Ltd,Active,A ,2.00,INE235A01022,Equity,,,,,
500163,Godfrey Phillips India Ltd.,GODFRYPHLP,Godfrey Phillips India Ltd,Active,A ,2.00,INE260B01028,Equity,,,,,
500164,Godrej Industries Ltd.,GODREJIND,Godrej Industries Ltd,Active,A ,1.00,INE233A01035,Equity,,,,,
500165,Kansai Nerolac Paints,KANSAINER,Kansai Nerolac Paints Ltd,Active,A ,1.00,INE531A01024,Equity,,,,,
500171,GHCL Ltd.,GHCL,GHCL Ltd,Active,A ,10.00,INE539A01019,Equity,,,,,
500180,HDFC Bank Ltd.,HDFCBANK,HDFC Bank Ltd,Active,A ,1.00,INE040A01034,Equity,,,,,
500182,Hero MotoCorp Limited,HEROMOTOCO,Hero MotoCorp Ltd,Active,A ,2.00,INE158A01026,Equity,,,,,
500183,HFCL LIMITED,HFCL,HFCL Ltd,Active,A ,1.00,INE548A01028,Equity,,,,,
500184,Himadri Speciality Chemical Ltd.,HSCL,Himadri Speciality Chemical Ltd,Active,A ,1.00,INE019C01026,Equity,,,,,
500185,Hindustan Construction Co. Ltd.,HCC,Hindustan Construction Company Ltd,Active,A ,1.00,INE549A01026,Equity,,,,,
500187,AGI GREENPAC LIMITED,AGI,Agi Greenpac Ltd,Active,A ,2.00,INE415A01038,Equity,,,,,
500188,Hindustan Zinc Ltd.,HINDZINC,Hindustan Zinc Ltd,Active,A ,2.00,INE267A01025,Equity,,,,,
500209,Infosys Ltd,INFY,Infosys Ltd,Active,A ,5.00,INE009A01021,Equity,,,,,
500210,Ingersoll-Rand (India) Ltd.,INGERRAND,Ingersoll-Rand (India) Ltd,Active,A ,10.00,INE177A01018,Equity,,,,,
500214,Ion Exchange (India) Ltd,IONEXCHANG,Ion Exchange India Ltd-$,Active,A ,1.00,INE570A01022,Equity,,,,,
500219,Jain Irrigation Systems Ltd.,JISLJALEQS,Jain Irrigation Systems Ltd,Active,A ,2.00,INE175A01038,Equity,,,,,
500228,JSW Steel Limited,JSWSTEEL,JSW Steel Ltd,Active,A ,1.00,INE019A01038,Equity,,,,,
500233,Kajaria Ceramics Ltd,KAJARIACER,Kajaria Ceramics Ltd,Active,A ,1.00,INE217B01036,Equity,,,,,
500238,Whirlpool of India Ltd,WHIRLPOOL,Whirlpool of India Ltd,Active,A ,10.00,INE716A01013,Equity,,,,,
500241,Kirloskar Brothers Ltd.,KIRLOSBROS,Kirloskar Brothers Ltd-$,Active,A ,2.00,INE732A01036,Equity,,,,,
500247,Kotak Mahindra Bank Ltd.,KOTAKBANK,Kotak Mahindra Bank Ltd,Active,A ,1.00,INE237A01036,Equity,,,,,
500249,KSB LIMITED,KSB,KSB Ltd,Active,A ,2.00,INE999A01023,Equity,,,,,
500251,Trent Ltd [Lakme Ltd],TRENT,Trent Ltd,Active,A ,1.00,INE849A01020,Equity,,,,,
500252,LMW Limited,LMW,LMW Ltd,Active,A ,10.00,INE269B01029,Equity,,,,,
500253,Lic Housing Finance Ltd.,LICHSGFIN,LIC Housing Finance Ltd,Active,A ,2.00,INE115A01026,Equity,,,,,
500257,Lupin Ltd,LUPIN,Lupin Ltd,Active,A ,2.00,INE326A01037,Equity,,,,,
500260,The Ramco Cements Limited,RAMCOCEM,The Ramco Cements Ltd,Active,A ,1.00,INE331A01037,Equity,,,,,
500265,Maharashtra Seamless Ltd.,MAHSEAMLES,Maharashtra Seamless Ltd,Active,A ,5.00,INE271B01025,Equity,,,,,
500266,Maharashtra Scooters Ltd.,MAHSCOOTER,Maharashtra Scooters Ltd,Active,A ,10.00,INE288A01013,Equity,,,,,
500271,Max Financial Services Limited,MFSL,Max Financial Services Ltd,Active,A ,2.00,INE180A01020,Equity,,,,,
500285,SpiceJet Limited,SPICEJET,Spicejet Ltd,Active,A ,10.00,INE285B01017,Equity,,,,,
500288,Morepen Laboratories Ltd.,MOREPENLAB,Morepen Laboratories Ltd,Active,A ,2.00,INE083A01026,Equity,,,,,
500290,M.R.F. Ltd.,MRF,MRF Ltd,Active,A ,10.00,INE883A01011,Equity,,,,,
500294,NCC Limited,NCC,NCC Ltd,Active,A ,2.00,INE868B01028,Equity,,,,,
500295,Vedanta Limited,VEDL,Vedanta Ltd,Active,A ,1.00,INE205A01025,Equity,,,,,
500300,Grasim Industries Ltd,GRASIM,Grasim Industries Ltd,Active,A ,2.00,INE047A01021,Equity,,,,,
500312,Oil And Natural Gas Corporation Ltd,ONGC,Oil and Natural Gas Corporation Ltd,Active,A ,5.00,INE213A01029,Equity,,,,,
500325,Reliance Industries Ltd,RELIANCE,Reliance Industries Ltd,Active,A ,10.00,INE002A01018,Equity,,,,,
500330,Raymond Limited,RAYMOND,Raymond Ltd,Active,A ,10.00,INE301A01014,Equity,,,,,
500331,Pidilite Industries Ltd.,PIDILITIND,Pidilite Industries Ltd,Active,A ,1.00,INE318A01026,Equity,,,,,
500335,Birla Corporation Ltd.,BIRLACORPN,Birla Corporation Ltd,Active,A ,10.00,INE340A01012,Equity,,,,,
500336,Surya Roshni Ltd.,SURYAROSNI,Surya Roshni Ltd,Active,A ,5.00,INE335A01020,Equity,,,,,
500339,Rain Industries Limited,RAIN,Rain Industries Ltd,Active,A ,2.00,INE855B01025,Equity,,,,,
500355,Rallis India Ltd,RALLIS,Rallis India Ltd,Active,A ,1.00,INE613A01020,Equity,,,,,
500368,Patanjali Foods Limited,PATANJALI,Patanjali Foods Ltd,Active,A ,2.00,INE619A01035,Equity,,,,,
500378,Jindal Saw Ltd.,JINDALSAW,Jindal Saw Ltd,Active,A ,1.00,INE324A01032,Equity,,,,,
500380,JK Lakshmi Cement Limited,JKLAKSHMI,JK Lakshmi Cement Ltd,Active,A ,5.00,INE786A01032,Equity,,,,,
500387,Shree Cements Ltd.,SHREECEM,Shree Cement Ltd,Active,A ,10.00,INE070A01015,Equity,,,,,
500400,Tata Power Co. Ltd,TATAPOWER,Tata Power Company Ltd,Active,A ,1.00,INE245A01021,Equity,,,,,
500403,Sundram Fasteners Ltd.,SUNDRMFAST,Sundram Fasteners Ltd,Active,A ,1.00,INE387A01021,Equity,,,,,
500405,Supreme Petrochem Ltd.,SPLPETRO,Supreme Petrochem Ltd,Active,A ,2.00,INE663A01033,Equity,,,,,
500408,Tata Elxsi Ltd,TATAELXSI,Tata Elxsi Ltd,Active,A ,10.00,INE670A01012,Equity,,,,,
500410,ACC Ltd,ACC,ACC Ltd,Active,A ,10.00,INE012A01025,Equity,,,,,
500411,Thermax Ltd.,THERMAX,Thermax Ltd,Active,A ,2.00,INE152A01029,Equity,,,,,
500413,Thomas Cook (India) Ltd.,THOMASCOOK,Thomas Cook (India) Ltd,Active,A ,1.00,INE332A01027,Equity,,,,,
500420,Torrent Pharmaceuticals Ltd.,TORNTPHARM,Torrent Pharmaceuticals Ltd,Active,A ,5.00,INE685A01028,Equity,,,,,
500425,Ambuja Cements Ltd.,AMBUJACEM,Ambuja Cements Ltd,Active,A ,2.00,INE079A01024,Equity,,,,,
500440,Hindalco Industries Ltd.,HINDALCO,Hindalco Industries Ltd,Active,A ,1.00,INE038A01020,Equity,,,,,
500459,Procter & Gamble Hygiene & Health Care Ltd.,PGHH,Procter & Gamble Hygiene and Health Care Ltd,Active,A ,10.00,INE179A01014,Equity,,,,,
500463,BLACK BOX LIMITED,BBOX,Black Box Ltd,Active,A ,2.00,INE676A01027,Equity,,,,,
500469,Federal Bank Ltd.,FEDERALBNK,Federal Bank Ltd,Active,A ,2.00,INE171A01029,Equity,,,,,
500470,TATA STEEL LIMITED,TATASTEEL,Tata Steel Ltd,Active,A ,1.00,INE081A01020,Equity,,,,,
500472,SKF India Ltd.,SKFINDIA,SKF India Ltd,Active,A ,10.00,INE640A01023,Equity,,,,,
500477,Ashok Leyland Ltd.,ASHOKLEY,Ashok Leyland Ltd,Active,A ,1.00,INE208A01029,Equity,,,,,
500480,Cummins India Ltd.,CUMMINSIND,Cummins India Ltd,Active,A ,2.00,INE298A01020,Equity,,,,,
500483,Tata Communications Limited,TATACOMM,Tata Communications Ltd,Active,A ,10.00,INE151A01013,Equity,,,,,
500488,Abbott India Ltd.,ABBOTINDIA,Abbott India Ltd,Active,A ,10.00,INE358A01014,Equity,,,,,
500490,Bajaj Holdings & Investment Limited,BAJAJHLDNG,Bajaj Holdings & Investment Ltd,Active,A ,10.00,INE118A01012,Equity,,,,,
500493,Bharat Forge Ltd,BHARATFORG,Bharat Forge Ltd,Active,A ,2.00,INE465A01025,Equity,,,,,
500495,Escorts Kubota Limited,ESCORTS,Escorts Kubota Ltd,Active,A ,10.00,INE042A01014,Equity,,,,,
500510,Larsen & Toubro Limited,LT,Larsen & Toubro Ltd,Active,A ,2.00,INE018A01030,Equity,,,,,
500520,Mahindra & Mahindra Ltd.,M&M,Mahindra & Mahindra Ltd,Active,A ,5.00,INE101A01026,Equity,,,,,
500530,Bosch Ltd,BOSCHLTD,Bosch Ltd,Active,A ,10.00,INE323A01026,Equity,,,,,
500547,Bharat Petroleum Corpn. Ltd.,BPCL,Bharat Petroleum Corporation Ltd,Active,A ,10.00,INE029A01011,Equity,,,,,
500550,Siemens Ltd.,SIEMENS,Siemens Ltd,Active,A ,2.00,INE003A01024,Equity,,,,,
500570,TATA MOTORS PASSENGER VEHICLES LIMITED,TMPV,Tata Motors Passenger Vehicles Ltd,Active,A ,2.00,INE155A01022,Equity,,,,,
500575,Voltas Ltd.,VOLTAS,Voltas Ltd,Active,A ,1.00,INE226A01021,Equity,,,,,
500620,Great Eastern Shipping Co. Ltd.,GESHIP,Great Eastern Shipping Company Ltd,Active,A ,10.00,INE017A01032,Equity,,,,,
500645,Deepak Fertilizers &Petrochemicals,DEEPAKFERT,Deepak Fertilisers & Petrochemicals Corporation Ltd,Active,A ,10.00,INE501A01019,Equity,,,,,
500655,GARWARE HI-TECH FILMS LIMITED,GRWRHITECH,Garware Hi-Tech Films Ltd,Active,A ,10.00,INE291A01017,Equity,,,,,
500660,GlaxoSmithkline Pharmaceuticals Ltd.,GLAXO,GlaxoSmithKline Pharmaceuticals Ltd,Active,A ,10.00,INE159A01016,Equity,,,,,
500670,Gujarat Narmada Valley Fert.Co.Ltd,GNFC,Gujarat Narmada Valley Fertilizers & Chemicals Ltd,Active,A ,10.00,INE113A01013,Equity,,,,,
500674,Sanofi India Ltd,SANOFI,Sanofi India Ltd,Active,A ,10.00,INE058A01010,Equity,,,,,
500680,Pfizer Ltd.,PFIZER,Pfizer Ltd,Active,A ,10.00,INE182A01018,Equity,,,,,
500690,Gujarat State Fertilizers & Chem.Ltd,GSFC,Gujarat State Fertilizers & Chemicals Ltd,Active,A ,2.00,INE026A01025,Equity,,,,,
500696,Hindustan Unilever Ltd.,HINDUNILVR,Hindustan Unilever Ltd,Active,A ,1.00,INE030A01027,Equity,,,,,
500710,Akzo Nobel India Limited,AKZOINDIA,Akzo Nobel India Ltd,Active,A ,10.00,INE133A01011,Equity,,,,,
500770,Tata Chemicals Ltd,TATACHEM,Tata Chemicals Ltd,Active,A ,10.00,INE092A01019,Equity,,,,,
500790,Nestle India Ltd.,NESTLEIND,Nestle India Ltd,Active,A ,1.00,INE239A01024,Equity,,,,,
500800,TATA CONSUMER PRODUCTS LIMITED,TATACONSUM,Tata Consumer Products Ltd,Active,A ,1.00,INE192A01025,Equity,,,,,
500820,Asian Paints Ltd.,ASIANPAINT,Asian Paints Ltd,Active,A ,1.00,INE021A01026,Equity,,,,,
500825,Britannia Industries Ltd.,BRITANNIA,Britannia Industries Ltd,Active,A ,1.00,INE216A01030,Equity,,,,,
500830,Colgate-Palmolive (India) Ltd.,COLPAL,Colgate Palmolive (India) Ltd,Active,A ,1.00,INE259A01022,Equity,,,,,
500840,EIH Ltd,EIHOTEL,EIH Ltd,Active,A ,2.00,INE230A01023,Equity,,,,,
500850,Indian Hotels Co. Ltd,INDHOTEL,Indian Hotels Company Ltd,Active,A ,1.00,INE053A01029,Equity,,,,,
500870,Castrol India Ltd,CASTROLIND,Castrol India Ltd,Active,A ,5.00,INE172A01027,Equity,,,,,
500875,ITC Ltd,ITC,ITC Ltd,Active,A ,1.00,INE154A01025,Equity,,,,,
500877,Apollo Tyres Ltd,APOLLOTYRE,Apollo Tyres Ltd,Active,A ,1.00,INE438A01022,Equity,,,,,
500878,Ceat Ltd.,CEATLTD,Ceat Ltd,Active,A ,10.00,INE482A01020,Equity,,,,,
500940,Finolex Industries Ltd.,FINPIPE,Finolex Industries Ltd,Active,A ,2.00,INE183A01024,Equity,,,,,
501301,Tata Investment Corporation Ltd.,TATAINVEST,Tata Investment Corporation Ltd,Active,A ,1.00,INE672A01026,Equity,,,,,
501423,Shaily Engineering Plastics Ltd.,SHAILY,Shaily Engineering Plastics Ltd,Active,A ,2.00,INE151G01028,Equity,,,,,
501425,The Bombay Burmah Trading Corporation Ltd.,BBTC,The Bombay Burmah Trading Corporation Ltd,Active,A ,2.00,INE050A01025,Equity,,,,,
501455,Greaves Cotton Ltd.,GREAVESCOT,Greaves Cotton Ltd,Active,A ,2.00,INE224A01026,Equity,,,,,
502219,BOROSIL RENEWABLES LIMITED,BORORENEW,Borosil Renewables Ltd,Active,A ,1.00,INE666D01022,Equity,,,,,
502355,Balkrishna Industries Ltd.,BALKRISIND,Balkrishna Industries Ltd-$,Active,A ,2.00,INE787D01026,Equity,,,,,
502986,Vardhman Textiles Limted,VTL,Vardhman Textiles Ltd,Active,A ,2.00,INE825A01020,Equity,,,,,
503100,The Phoenix Mills Ltd.,PHOENIXLTD,The Phoenix Mills Ltd,Active,A ,2.00,INE211B01039,Equity,,,,,
503310,Swan Corp Limited,SWANCORP,Swan Corp Ltd,Active,A ,1.00,INE665A01038,Equity,,,,,
503806,SRF Ltd.,SRF,SRF Ltd,Active,A ,10.00,INE647A01010,Equity,,,,,
503960,Bharat Bijlee Ltd.,BBL,Bharat Bijlee Ltd-$,Active,A ,5.00,INE464A01036,Equity,,,,,
504067,Zensar Technologies Ltd.,ZENSARTECH,Zensar Technologies Ltd,Active,A ,2.00,INE520A01027,Equity,,,,,
504614,Sarda Energy & Minerals Ltd,SARDAEN,Sarda Energy & Minerals Ltd-$,Active,A ,1.00,INE385C01021,Equity,,,,,
504973,CHOLAMANDALAM FINANCIAL HOLDINGS LIMITED,CHOLAHLDNG,Cholamandalam Financial Holdings Ltd,Active,A ,1.00,INE149A01033,Equity,,,,,
505200,Eicher Motors Ltd.,EICHERMOT,Eicher Motors Ltd,Active,A ,1.00,INE066A01021,Equity,,,,,
505255,GMM Pfaudler Ltd.,GMMPFAUDLR,GMM Pfaudler Ltd,Active,A ,2.00,INE541A01023,Equity,,,,,
505283,Kirloskar Pneumatic Co.Ltd.,KIRLPNU,Kirloskar Pneumatic Company Ltd,Active,A ,2.00,INE811A01020,Equity,,,,,
505533,WESTLIFE FOODWORLD LIMITED,WESTLIFE,Westlife Foodworld Ltd,Active,A ,2.00,INE274F01020,Equity,,,,,
505537,Zee Entertainment Enterprises Ltd.,ZEEL,Zee Entertainment Enterprises Ltd,Active,A ,1.00,INE256A01028,Equity,,,,,
505700,Elecon Engineering Co.Ltd.,ELECON,Elecon Engineering Company Ltd,Active,A ,1.00,INE205B01031,Equity,,,,,
505714,Gabriel India Ltd.,GABRIEL,Gabriel India Ltd-$,Active,A ,1.00,INE524A01029,Equity,,,,,
505790,Schaeffler India Limited,SCHAEFFLER,Schaeffler India Ltd,Active,A ,2.00,INE513A01022,Equity,,,,,
506076,Grindwell Norton Ltd.,GRINDWELL,Grindwell Norton Ltd-$,Active,A ,5.00,INE536A01023,Equity,,,,,
506222,Styrenix Performance Materials Limited,STYRENIX,Styrenix Performance Materials Ltd,Active,A ,10.00,INE189B01011,Equity,,,,,
506285,Bayer CropScience Limited.,BAYERCROP,Bayer CropScience Ltd,Active,A ,10.00,INE462A01022,Equity,,,,,
506395,Coromandel International Limited,COROMANDEL,Coromandel International Ltd,Active,A ,1.00,INE169A01031,Equity,,,,,
506401,Deepak Nitrite Limited,DEEPAKNTR,Deepak Nitrite Ltd-$,Active,A ,2.00,INE288B01029,Equity,,,,,
506590,PCBL Chemical Limited,PCBL,PCBL Chemical Ltd,Active,A ,1.00,INE602A01031,Equity,,,,,
506655,Sudarshan Chemical Indus. Ltd.,SUDARSCHEM,Sudarshan Chemical Industries Ltd,Active,A ,2.00,INE659A01023,Equity,,,,,
506767,Alkyl Amines Chemicals Ltd.,ALKYLAMINE,Alkyl Amines Chemicals Ltd-$,Active,A ,2.00,INE150B01039,Equity,,,,,
506820,AstraZeneca Pharma India Ltd.,ASTRAZEN,AstraZeneca Pharma India Ltd,Active,A ,2.00,INE203A01020,Equity,,,,,
506943,J.B. Chemicals & Pharmaceuticals Lt,JBCHEPHARM,JB Chemicals & Pharmaceuticals Ltd,Active,A ,1.00,INE572A01036,Equity,,,,,
507205,Tilaknagar Industries Ltd,TI,Tilaknagar Industries Ltd-$,Active,A ,10.00,INE133E01013,Equity,,,,,
507685,Wipro  Ltd.,WIPRO,Wipro Ltd,Active,A ,2.00,INE075A01022,Equity,,,,,
507815,Gillette India Ltd.,GILLETTE,Gillette India Ltd,Active,A ,10.00,INE322A01010,Equity,,,,,
507880,V.I.P. Industries Ltd.,VIPIND,VIP Industries Ltd-$,Active,A ,2.00,INE054A01027,Equity,,,,,
508869,Apollo Hospitals Enterprises Ltd.,APOLLOHOSP,Apollo Hospitals Enterprise Ltd,Active,A ,5.00,INE437A01024,Equity,,,,,
509480,Berger Paints India Ltd,BERGEPAINT,Berger Paints India Ltd,Active,A ,1.00,INE463A01038,Equity,,,,,
509488,Graphite India Ltd.,GRAPHITE,Graphite India Ltd,Active,A ,2.00,INE371A01025,Equity,,,,,
509496,Cemindia Projects Limited,CEMPRO,Cemindia Projects Ltd,Active,A ,1.00,INE686A01026,Equity,,,,,
509557,GARWARE TECHNICAL FIBRES LIMITED,GARFIBRES,Garware Technical Fibres Ltd,Active,A ,10.00,INE276A01018,Equity,,,,,
509631,HEG Ltd.,HEG,HEG Ltd,Active,A ,2.00,INE545A01024,Equity,,,,,
509930,Supreme Industries Ltd.,SUPREMEIND,Supreme Industries Ltd,Active,A ,2.00,INE195A01028,Equity,,,,,
511196,Can Fin Homes Ltd.,CANFINHOME,Can Fin Homes Ltd,Active,A ,2.00,INE477A01020,Equity,,,,,
511218,Shriram Finance Limited,SHRIRAMFIN,Shriram Finance Ltd,Active,A ,2.00,INE721A01047,Equity,,,,,
511243,Cholamandalam Investment and Finance Company Ltd,CHOLAFIN,Cholamandalam Investment and Finance Company Ltd,Active,A ,2.00,INE121A01024,Equity,,,,,
512070,UPL Limited,UPL,UPL Ltd,Active,A ,2.00,INE628A01036,Equity,,,,,
512179,Sunteck Realty Ltd,SUNTECK,Sunteck Realty Ltd,Active,A ,1.00,INE805D01034,Equity,,,,,
512455,Lloyds Metals and Energy Limited,LLOYDSME,Lloyds Metals and Energy Ltd,Active,A ,1.00,INE281B01032,Equity,,,,,
512463,LLOYDS ENTERPRISES LIMITED,LLOYDSENT,Lloyds Enterprises Ltd,Active,A ,1.00,INE080I01025,Equity,,,,,
512573,Avanti Feeds ltd.,AVANTIFEED,Avanti Feeds Ltd-$,Active,A ,1.00,INE871C01038,Equity,,,,,
512599,Adani Enterprises Ltd.,ADANIENT,Adani Enterprises Ltd,Active,A ,1.00,INE423A01024,Equity,,,,,
513023,NAVA LIMITED,NAVA,Nava Ltd,Active,A ,1.00,INE725A01030,Equity,,,,,
513250,Jyoti Structures Ltd.,JYOTISTRUC,Jyoti Structures Ltd,Active,A ,2.00,INE197A01024,Equity,,,,,
513375,Carborundum Universal Ltd.,CARBORUNIV,Carborundum Universal Ltd,Active,A ,1.00,INE120A01034,Equity,,,,,
513377,MMTC Ltd.,MMTC,MMTC Ltd,Active,A ,1.00,INE123F01029,Equity,,,,,
513599,Hindustan Copper Ltd.,HINDCOPPER,Hindustan Copper Ltd,Active,A ,5.00,INE531E01026,Equity,,,,,
513683,NLC India Limited,NLCINDIA,NLC India Ltd,Active,A ,10.00,INE589A01014,Equity,,,,,
514162,WELSPUN LIVING LIMITED,WELSPUNLIV,Welspun Living Ltd,Active,A ,1.00,INE192B01031,Equity,,,,,
514167,Ganesha Ecosphere Limited,GANECOS,Ganesha Ecosphere Ltd,Active,A ,10.00,INE845D01014,Equity,,,,,
515030,Asahi India Glass Ltd.,ASAHIINDIA,Asahi India Glass Ltd,Active,A ,1.00,INE439A01020,Equity,,,,,
515055,Anant Raj Limited,ANANTRAJ,Anant Raj Ltd-$,Active,A ,2.00,INE242C01024,Equity,,,,,
517146,Usha Martin Ltd.,USHAMART,Usha Martin Ltd,Active,A ,1.00,INE228A01035,Equity,,,,,
517174,Honeywell Automation India Ltd.,HONAUT,Honeywell Automation India Ltd,Active,A ,10.00,INE671A01010,Equity,,,,,
517271,HBL ENGINEERING LIMITED,HBLENGINE,HBL Engineering Ltd-$,Active,A ,1.00,INE292B01021,Equity,,,,,
517334,Samvardhana Motherson International Limited,MOTHERSON,Samvardhana Motherson International Ltd,Active,A ,1.00,INE775A01035,Equity,,,,,
517354,Havells India Limited,HAVELLS,Havells India Ltd,Active,A ,1.00,INE176B01034,Equity,,,,,
517498,Websol Energy System Limited,WEBELSOLAR,Websol Energy System Ltd,Active,A ,1.00,INE855C01023,Equity,,,,,
517506,TTK Prestige Ltd.,TTKPRESTIG,TTK Prestige Ltd,Active,A ,1.00,INE690A01028,Equity,,,,,
517569,KEI Industries Ltd.,KEI,KEI Industries Ltd,Active,A ,2.00,INE878B01027,Equity,,,,,
519552,Heritage Foods Limited,HERITGFOOD,Heritage Foods Ltd,Active,A ,5.00,INE978A01027,Equity,,,,,
519600,CCL Products (India) Ltd.,CCL,CCL Products (India) Ltd,Active,A ,2.00,INE421D01022,Equity,,,,,
520056,TVS Holdings Limited,TVSHLTD,TVS Holdings Ltd,Active,A ,5.00,INE105A01035,Equity,,,,,
520111,Ratnamani Metals & Tubes Ltd,RATNAMANI,Ratnamani Metals & Tubes Ltd-$,Active,A ,2.00,INE703B01027,Equity,,,,,
520113,Vesuvius India Ltd.,VESUVIUS,Vesuvius India Ltd,Active,A ,1.00,INE386A01023,Equity,,,,,
521016,Indo Count Industries Ltd,ICIL,Indo Count Industries Ltd,Active,A ,2.00,INE483B01026,Equity,,,,,
521064,Trident Ltd,TRIDENT,Trident Ltd,Active,A ,1.00,INE064C01022,Equity,,,,,
521070,Alok Industries Ltd.,ALOKINDS,Alok Industries Ltd,Active,A ,1.00,INE270A01029,Equity,,,,,
521248,Kitex Garmenets Ltd.,KITEX,Kitex Garments Ltd,Active,A ,1.00,INE602G01020,Equity,,,,,
522074,Elgi Equipments Ltd.,ELGIEQUIP,Elgi Equipments Ltd,Active,A ,1.00,INE285A01027,Equity,,,,,
522113,Timken India Ltd,TIMKEN,Timken India Ltd,Active,A ,10.00,INE325A01013,Equity,,,,,
522205,Praj Industries Ltd.,PRAJIND,Praj Industries Ltd,Active,A ,2.00,INE074A01025,Equity,,,,,
522275,GE Vernova T&D India Limited,GVTD,GE Vernova T&D India Ltd,Active,A ,2.00,INE200A01026,Equity,,,,,
522287,KALPATARU PROJECTS INTERNATIONAL LIMITED,KPIL,Kalpataru Projects International Ltd,Active,A ,2.00,INE220B01022,Equity,,,,,
523025,Safari Industries (India) Ltd.,SAFARI,Safari Industries India Ltd,Active,A ,2.00,INE429E01023,Equity,,,,,
523367,DCM Shriram Limited,DCMSHRIRAM,DCM Shriram Ltd,Active,A ,2.00,INE499A01024,Equity,,,,,
523395,3M India Ltd.,3MINDIA,3M India Ltd,Active,A ,10.00,INE470A01017,Equity,,,,,
523405,JM Financial Limited,JMFINANCIL,JM Financial Ltd-$,Active,A ,1.00,INE780C01023,Equity,,,,,
523457,Linde India Limited,LINDEINDIA,Linde India Ltd,Active,A ,10.00,INE473A01011,Equity,,,,,
523598,Shipping Corporation Of India Ltd,SCI,Shipping Corporation of India Ltd,Active,A ,10.00,INE109A01011,Equity,,,,,
523610,ITI Limited (Indian Teleph.Ind.Ltd),ITI,ITI Ltd,Active,A ,10.00,INE248A01017,Equity,,,,,
523642,PI Industries Limited,PIIND,PI Industries Ltd,Active,A ,1.00,INE603J01030,Equity,,,,,
523704,Mastek Limited,MASTEK,Mastek Ltd,Active,A ,5.00,INE759A01021,Equity,,,,,
524000,POONAWALLA FINCORP LIMITED,POONAWALLA,Poonawalla Fincorp Ltd,Active,A ,2.00,INE511C01022,Equity,,,,,
524200,Vinati Organics Ltd.,VINATIORGA,Vinati Organics Ltd-$,Active,A ,1.00,INE410B01037,Equity,,,,,
524208,Aarti Industries Ltd,AARTIIND,Aarti Industries Ltd,Active,A ,5.00,INE769A01020,Equity,,,,,
524230,Rashtriya Chemicals & Fertilizers Limited,RCF,Rashtriya Chemicals and Fertilizers Ltd,Active,A ,10.00,INE027A01015,Equity,,,,,
524404,Marksans Pharma Ltd.,MARKSANS,Marksans Pharma Ltd,Active,A ,1.00,INE750C01026,Equity,,,,,
524494,Ipca Laboratories Ltd.,IPCALAB,Ipca Laboratories Ltd,Active,A ,1.00,INE571A01038,Equity,,,,,
524558,Neuland Laboratories Limited.,NEULANDLAB,Neuland Laboratories Ltd,Active,A ,10.00,INE794A01010,Equity,,,,,
524715,Sun Pharmaceutical Industries Ltd.,SUNPHARMA,Sun Pharmaceutical Industries Ltd,Active,A ,1.00,INE044A01036,Equity,,,,,
524742,Caplin Point Laboratories Ltd.,CAPLIPOINT,Caplin Point Laboratories Ltd,Active,A ,2.00,INE475E01026,Equity,,,,,
524804,Aurobindo Pharma Ltd.,AUROPHARMA,Aurobindo Pharma Ltd,Active,A ,1.00,INE406A01037,Equity,,,,,
524816,Natco Pharma Ltd.,NATCOPHARM,Natco Pharma Ltd,Active,A ,2.00,INE987B01026,Equity,,,,,
526247,Premier Explosives Ltd.,PREMEXPLN,Premier Explosives Ltd,Active,A ,2.00,INE863B01029,Equity,,,,,
526299,Mphasis Limited,MPHASIS,Mphasis Ltd,Active,A ,10.00,INE356A01018,Equity,,,,,
526367,GANESH HOUSING LIMITED,GANESHHOU,Ganesh Housing Ltd-$,Active,A ,10.00,INE460C01014,Equity,,,,,
526371,NMDC Ltd,NMDC,NMDC Ltd,Active,A ,1.00,INE584A01023,Equity,,,,,
526612,Blue Dart Express Ltd.,BLUEDART,Blue Dart Express Ltd,Active,A ,10.00,INE233B01017,Equity,,,,,
526729,Goldiam International Ltd.,GOLDIAM,Goldiam International Ltd,Active,A ,2.00,INE025B01025,Equity,,,,,
526881,63 Moons Technologies Limited,63MOONS,63 Moons Technologies Ltd,Active,A ,2.00,INE111B01023,Equity,,,,,
527001,Ashapura Minechem Ltd,ASHAPURMIN,Ashapura Minechem Ltd,Active,A ,2.00,INE348A01023,Equity,,,,,
530005,India Cements Ltd.,INDIACEM,India Cements Ltd,Active,A ,10.00,INE383A01012,Equity,,,,,
530007,JK Tyre & Industries Ltd.,JKTYRE,JK Tyre & Industries Ltd,Active,A ,2.00,INE573A01042,Equity,,,,,
530019,JUBILANT PHARMOVA LIMITED,JUBLPHARMA,Jubilant Pharmova Ltd,Active,A ,1.00,INE700A01033,Equity,,,,,
530117,PRIVI SPECIALITY CHEMICALS LIMITED,PRIVISCL,Privi Speciality Chemicals Ltd,Active,A ,10.00,INE959A01019,Equity,,,,,
530343,Genus Power Infrastructures Ltd,GENUSPOWER,Genus Power Infrastructures Ltd-$,Active,A ,1.00,INE955D01029,Equity,,,,,
530517,Relaxo Footwears Ltd.,RELAXO,Relaxo Footwears Ltd-$,Active,A ,1.00,INE131B01039,Equity,,,,,
530549,Shilpa Medicare Ltd.,SHILPAMED,Shilpa Medicare Ltd,Active,A ,1.00,INE790G01031,Equity,,,,,
530813,KRBL Ltd.,KRBL,KRBL Ltd,Active,A ,1.00,INE001B01026,Equity,,,,,
530965,Indian Oil Corporation Ltd.,IOC,Indian Oil Corporation Ltd,Active,A ,10.00,INE242A01010,Equity,,,,,
531112,BALU FORGE INDUSTRIES LIMITED,BALUFORGE,Balu Forge Industries Ltd,Active,A ,10.00,INE011E01029,Equity,,,,,
531120,Patel Engineering Ltd,PATELENG,Patel Engineering Ltd-$,Active,A ,1.00,INE244B01030,Equity,,,,,
531162,Emami Ltd,EMAMILTD,Emami Ltd-$,Active,A ,1.00,INE548C01032,Equity,,,,,
531213,Manappuram Finance Limited,MANAPPURAM,Manappuram Finance Ltd,Active,A ,2.00,INE522D01027,Equity,,,,,
531335,Zydus Wellness Limited,ZYDUSWELL,Zydus Wellness Ltd-$,Active,A ,2.00,INE768C01028,Equity,,,,,
531344,Container Corporation Of India Ltd.,CONCOR,Container Corporation of India Ltd,Active,A ,5.00,INE111A01025,Equity,,,,,
531358,Choice International Ltd,CHOICEIN,Choice International Ltd,Active,A ,10.00,INE102B01014,Equity,,,,,
531431,Shakti Pumps (India) Ltd.,SHAKTIPUMP,Shakti Pumps India Ltd-$,Active,A ,10.00,INE908D01010,Equity,,,,,
531531,Hatsun Agro Products Ltd.,HATSUN,Hatsun Agro Product Ltd,Active,A ,1.00,INE473B01035,Equity,,,,,
531595,Capri Global Capital Limited,CGCL,Capri Global Capital Ltd,Active,A ,1.00,INE180C01042,Equity,,,,,
531642,Marico Limited,MARICO,Marico Ltd,Active,A ,1.00,INE196A01026,Equity,,,,,
531768,Poly Medicure Ltd,POLYMED,Poly Medicure Ltd,Active,A ,5.00,INE205C01021,Equity,,,,,
532134,Bank Of Baroda,BANKBARODA,Bank of Baroda,Active,A ,2.00,INE028A01039,Equity,,,,,
532144,Welspun Corp Limited,WELCORP,Welspun Corp Ltd,Active,A ,5.00,INE191B01025,Equity,,,,,
532149,Bank of India,BANKINDIA,Bank of India,Active,A ,10.00,INE084A01016,Equity,,,,,
532155,Gail (India) Ltd.,GAIL,Gail (India) Ltd,Active,A ,10.00,INE129A01019,Equity,,,,,
532162,JK Paper Ltd.,JKPAPER,JK Paper Ltd,Active,A ,10.00,INE789E01012,Equity,,,,,
532163,Saregama India Ltd.,SAREGAMA,Saregama India Ltd,Active,A ,1.00,INE979A01025,Equity,,,,,
532174,ICICI Bank Ltd.,ICICIBANK,ICICI Bank Ltd,Active,A ,2.00,INE090A01021,Equity,,,,,
532175,Cyient Limited,CYIENT,Cyient Ltd,Active,A ,5.00,INE136B01020,Equity,,,,,
532178,Engineers India Ltd.,ENGINERSIN,Engineers India Ltd,Active,A ,5.00,INE510A01028,Equity,,,,,
532181,Gujarat Mineral Development Corpora,GMDCLTD,Gujarat Mineral Development Corporation Ltd,Active,A ,2.00,INE131A01031,Equity,,,,,
532187,IndusInd Bank Ltd.,INDUSINDBK,Indusind Bank Ltd,Active,A ,10.00,INE095A01012,Equity,,,,,
532209,Jammu and Kashmir Bank Ltd.,J&KBANK,Jammu & Kashmir Bank Ltd,Active,A ,1.00,INE168A01041,Equity,,,,,
532210,City Union Bank Ltd,CUB,City Union Bank Ltd,Active,A ,1.00,INE491A01021,Equity,,,,,
532215,AXIS Bank Ltd.,AXISBANK,AXIS Bank Ltd,Active,A ,2.00,INE238A01034,Equity,,,,,
532218,South Indian Bank Ltd.,SOUTHBANK,South Indian Bank Ltd,Active,A ,1.00,INE683A01023,Equity,,,,,
532221,Sonata Software Ltd.,SONATSOFTW,Sonata Software Ltd,Active,A ,1.00,INE269A01021,Equity,,,,,
532234,National Aluminium Co. Ltd.,NATIONALUM,National Aluminium Company Ltd,Active,A ,5.00,INE139A01034,Equity,,,,,
532259,Apar Industries Ltd,APARINDS,Apar Industries Ltd,Active,A ,10.00,INE372A01015,Equity,,,,,
532281,HCL Technologies Ltd,HCLTECH,HCL Technologies Ltd,Active,A ,2.00,INE860A01027,Equity,,,,,
532286,JINDAL STEEL LIMITED,JINDALSTEL,Jindal Steel Ltd,Active,A ,1.00,INE749A01030,Equity,,,,,
532296,Glenmark Pharmaceuticals ltd,GLENMARK,Glenmark Pharmaceuticals Ltd,Active,A ,1.00,INE935A01035,Equity,,,,,
532300,Wockhardt Ltd,WOCKPHARMA,Wockhardt Ltd,Active,A ,5.00,INE049B01025,Equity,,,,,
532313,Mahindra Lifespace Developers Ltd.,MAHLIFE,Mahindra Lifespace Developers Ltd,Active,A ,10.00,INE813A01018,Equity,,,,,
532321,Zydus Lifesciences Limited,ZYDUSLIFE,Zydus Lifesciences Ltd,Active,A ,1.00,INE010B01027,Equity,,,,,
532331,Ajanta Pharma Ltd.,AJANTPHARM,Ajanta Pharma Ltd,Active,A ,2.00,INE031B01049,Equity,,,,,
532343,TVS Motor Company Ltd.,TVSMOTOR,TVS Motor Company Ltd,Active,A ,1.00,INE494B01023,Equity,,,,,
532356,Triveni Engineering & Industries Ltd,TRIVENI,Triveni Engineering & Industries Ltd,Active,A ,1.00,INE256C01024,Equity,,,,,
532371,Tata Teleservices (Maharashtra) Ltd.,TTML,Tata Teleservices (Maharashtra) Ltd,Active,A ,10.00,INE517B01013,Equity,,,,,
532374,Sterlite Technologies Limited.,STLTECH,Sterlite Technologies Ltd,Active,A ,2.00,INE089C01029,Equity,,,,,
532375,TIPS MUSIC LIMITED,TIPSMUSIC,Tips Music Ltd,Active,A ,1.00,INE716B01029,Equity,,,,,
532388,Indian Overseas Bank,IOB,Indian Overseas Bank,Active,A ,10.00,INE565A01014,Equity,,,,,
532400,BIRLASOFT LIMITED,BSOFT,Birlasoft Ltd,Active,A ,2.00,INE836A01035,Equity,,,,,
532406,Avantel Limited,AVANTEL,Avantel Ltd,Active,A ,2.00,INE005B01027,Equity,,,,,
532407,MOSCHIP TECHNOLOGIES LIMITED,MOSCHIP,Moschip Technologies Ltd,Active,A ,2.00,INE935B01025,Equity,,,,,
532424,Godrej Consumer Products Ltd.,GODREJCP,Godrej Consumer Products Ltd,Active,A ,1.00,INE102D01028,Equity,,,,,
532432,United Spirits Limited,UNITDSPR,United Spirits Ltd,Active,A ,2.00,INE854D01024,Equity,,,,,
532439,OLECTRA GREENTECH LIMITED,OLECTRA,Olectra Greentech Ltd,Active,A ,4.00,INE260D01016,Equity,,,,,
532443,Cera Sanitaryware Ltd.,CERA,Cera Sanitaryware Ltd,Active,A ,5.00,INE739E01017,Equity,,,,,
532454,Bharti Airtel  Ltd.,BHARTIARTL,Bharti Airtel Ltd,Active,A ,5.00,INE397D01024,Equity,,,,,
532461,Punjab National Bank,PNB,Punjab National Bank,Active,A ,2.00,INE160A01022,Equity,,,,,
532466,Oracle Financial Services Software Limited,OFSS,Oracle Financial Services Software Ltd,Active,A ,5.00,INE881D01027,Equity,,,,,
532468,Kama Holdings Limited,KAMAHOLD,Kama Holdings Ltd-$,Active,A ,10.00,INE411F01010,Equity,,,,,
532477,Union Bank of India,UNIONBANK,Union Bank of India,Active,A ,10.00,INE692A01016,Equity,,,,,
532478,United Breweries Ltd.,UBL,United Breweries Ltd-$,Active,A ,1.00,INE686F01025,Equity,,,,,
532482,Granules India Ltd.,GRANULES,Granules India Ltd-$,Active,A ,1.00,INE101D01020,Equity,,,,,
532483,Canara Bank,CANBK,Canara Bank,Active,A ,2.00,INE476A01022,Equity,,,,,
532488,Divi's Laboratories Ltd.,DIVISLAB,Divis Laboratories Ltd,Active,A ,2.00,INE361B01024,Equity,,,,,
532493,Astra Microwave Products Ltd.,ASTRAMICRO,Astra Microwave Products Ltd,Active,A ,2.00,INE386C01029,Equity,,,,,
532497,Radico Khaitan Ltd.,RADICO,Radico Khaitan Ltd,Active,A ,2.00,INE944F01028,Equity,,,,,
532500,Maruti Suzuki India  Ltd.,MARUTI,Maruti Suzuki India Ltd,Active,A ,5.00,INE585B01010,Equity,,,,,
532504,Navin Fluorine International Limited,NAVINFLUOR,Navin Fluorine International Ltd-$,Active,A ,2.00,INE048G01026,Equity,,,,,
532505,UCO Bank,UCOBANK,UCO Bank,Active,A ,10.00,INE691A01018,Equity,,,,,
532508,Jindal Stainless Limited,JSL,Jindal Stainless Ltd,Active,A ,2.00,INE220G01021,Equity,,,,,
532514,Indraprashtha Gas Ltd.,IGL,Indraprastha Gas Ltd,Active,A ,2.00,INE203G01027,Equity,,,,,
532522,PETRONET LNG LTD.,PETRONET,Petronet LNG Ltd,Active,A ,10.00,INE347G01014,Equity,,,,,
532523,Biocon Ltd.,BIOCON,Biocon Ltd,Active,A ,5.00,INE376G01013,Equity,,,,,
532524,PTC India Ltd,PTC,PTC India Ltd,Active,A ,10.00,INE877F01012,Equity,,,,,
532525,Bank of maharashtra,MAHABANK,Bank of Maharashtra,Active,A ,10.00,INE457A01014,Equity,,,,,
532527,ramkrishna forgings Ltd.,RKFORGE,Ramkrishna Forgings Ltd,Active,A ,2.00,INE399G01023,Equity,,,,,
532531,STRIDES PHARMA SCIENCE LIMITED,STAR,Strides Pharma Science Ltd,Active,A ,10.00,INE939A01011,Equity,,,,,
532538,UltraTech Cement Ltd,ULTRACEMCO,UltraTech Cement Ltd,Active,A ,10.00,INE481G01011,Equity,,,,,
532539,UNO Minda Limited,UNOMINDA,UNO Minda Ltd-$,Active,A ,2.00,INE405E01023,Equity,,,,,
532540,Tata Consultancy Services Ltd.,TCS,Tata Consultancy Services Ltd,Active,A ,1.00,INE467B01029,Equity,,,,,
532541,COFORGE LIMITED,COFORGE,Coforge Ltd,Active,A ,2.00,INE591G01025,Equity,,,,,
532548,Century Plyboards (India) Ltd.,CENTURYPLY,Century Plyboards (India) Ltd-$,Active,A ,1.00,INE348B01021,Equity,,,,,
532553,Welspun Enterprises Limited,WELENT,Welspun Enterprises Ltd,Active,A ,10.00,INE625G01013,Equity,,,,,
532555,NTPC Limited,NTPC,NTPC Ltd,Active,A ,10.00,INE733E01010,Equity,,,,,
532605,JBM Auto Limited,JBMA,JBM Auto Ltd,Active,A ,1.00,INE927D01051,Equity,,,,,
532627,Jaiprakash Power Ventures Limited,JPPOWER,Jaiprakash Power Ventures Ltd,Active,A ,10.00,INE351F01018,Equity,,,,,
532630,Gokaldas Exports Ltd,GOKEX,Gokaldas Exports Ltd,Active,A ,5.00,INE887G01027,Equity,,,,,
532636,IIFL FINANCE LIMITED ,IIFL,IIFL Finance Ltd,Active,A ,2.00,INE530B01024,Equity,,,,,
532642,JSW Holdings Limited,JSWHL,JSW Holdings Ltd,Active,A ,10.00,INE824G01012,Equity,,,,,
532644,J.K. CEMENT LTD,JKCEMENT,JK Cement Ltd,Active,A ,10.00,INE823G01014,Equity,,,,,
532648,Yes Bank Ltd.,YESBANK,Yes Bank Ltd,Active,A ,2.00,INE528G01035,Equity,,,,,
532652,Karnataka Bank Ltd.,KTKBANK,Karnataka Bank Ltd,Active,A ,10.00,INE614B01018,Equity,,,,,
532667,SUZLON ENERGY LTD.,SUZLON,Suzlon Energy Ltd,Active,A ,2.00,INE040H01021,Equity,,,,,
532668,Aurionpro Solutions Ltd.,AURIONPRO,Aurionpro Solutions Ltd,Active,A ,10.00,INE132H01018,Equity,,,,,
532670,Shree Renuka Sugars Ltd.,RENUKA,Shree Renuka Sugars Ltd,Active,A ,1.00,INE087H01022,Equity,,,,,
532683,AIA Engineering Ltd.,AIAENG,AIA Engineering Ltd,Active,A ,2.00,INE212H01026,Equity,,,,,
532689,PVR INOX LIMITED,PVRINOX,PVR Inox Ltd,Active,A ,10.00,INE191H01014,Equity,,,,,
532702,Gujarat State Petronet Ltd.,GSPL,Gujarat State Petronet Ltd,Active,A ,10.00,INE246F01010,Equity,,,,,
532714,KEC International Ltd.,KEC,KEC International Ltd,Active,A ,2.00,INE389H01022,Equity,,,,,
532720,Mahindra & Mahindra Financial Services Limited,M&MFIN,Mahindra & Mahindra Financial Services Ltd,Active,A ,2.00,INE774D01024,Equity,,,,,
532725,Solar Industries India Limited,SOLARINDS,Solar Industries India Ltd,Active,A ,2.00,INE343H01029,Equity,,,,,
532733,SUN TV NETWORK LIMITED,SUNTV,Sun TV Network Ltd,Active,A ,5.00,INE424H01027,Equity,,,,,
532734,GODAWARI POWER AND ISPAT LTD.,GPIL,Godawari Power and Ispat Ltd,Active,A ,1.00,INE177H01039,Equity,,,,,
532754,GMR Airports Limited,GMRAIRPORT,GMR Airports Ltd,Active,A ,1.00,INE776C01039,Equity,,,,,
532755,Tech Mahindra Limited,TECHM,Tech Mahindra Ltd,Active,A ,5.00,INE669C01036,Equity,,,,,
532756,CIE Automotive India Limited,CIEINDIA,CIE Automotive India Ltd,Active,A ,10.00,INE536H01010,Equity,,,,,
532757,VOLTAMP TRANSFORMERS LIMITED,VOLTAMP,Voltamp Transformers Ltd,Active,A ,10.00,INE540H01012,Equity,,,,,
532762,Action Construction Equipments Ltd.,ACE,Action Construction Equipment Ltd,Active,A ,2.00,INE731H01025,Equity,,,,,
532772,DCB Bank Limited,DCBBANK,DCB Bank Ltd,Active,A ,10.00,INE503A01015,Equity,,,,,
532777,Info Edge(India) Ltd.,NAUKRI,Info Edge (India) Ltd,Active,A ,2.00,INE663F01032,Equity,,,,,
532779,TORRENT POWER LIMITED,TORNTPOWER,Torrent Power Ltd,Active,A ,10.00,INE813H01021,Equity,,,,,
532783,LT Foods Limited,LTFOODS,LT Foods Ltd,Active,A ,1.00,INE818H01020,Equity,,,,,
532784,Sobha Limited,SOBHA,Sobha Ltd,Active,A ,10.00,INE671H01015,Equity,,,,,
532790,TANLA PLATFORMS LIMITED,TANLA,Tanla Platforms Ltd,Active,A ,1.00,INE483C01032,Equity,,,,,
532796,Lumax Auto Technologies Ltd.,LUMAXTECH,Lumax Auto Technologies Ltd,Active,A ,2.00,INE872H01027,Equity,,,,,
532798,Network 18 Media & Investments Limited,NETWORK18,Network 18 Media & Investments Ltd,Active,A ,5.00,INE870H01013,Equity,,,,,
532805,Redington Limited,REDINGTON,Redington Ltd,Active,A ,2.00,INE891D01026,Equity,,,,,
532808,Pearl Global Industries Limited,PGIL,Pearl Global Industries Ltd,Active,A ,5.00,INE940H01022,Equity,,,,,
532809,Firstsource Solutions Ltd.,FSL,Firstsource Solutions Ltd,Active,A ,10.00,INE684F01012,Equity,,,,,
532810,Power Finance Corporation Ltd,PFC,Power Finance Corporation Ltd,Active,A ,10.00,INE134E01011,Equity,,,,,
532814,Indian Bank,INDIANB,Indian Bank,Active,A ,10.00,INE562A01011,Equity,,,,,
532822,VODAFONE IDEA LIMITED,IDEA,Vodafone Idea Ltd,Active,A ,10.00,INE669E01016,Equity,,,,,
532827,Page Industries Ltd.,PAGEIND,Page Industries Ltd,Active,A ,10.00,INE761H01022,Equity,,,,,
532830,ASTRAL LIMITED,ASTRAL,Astral Ltd,Active,A ,1.00,INE006I01046,Equity,,,,,
532834,Camlin Fine Sciences Ltd,CAMLINFINE,Camlin Fine Sciences Ltd,Active,A ,1.00,INE052I01032,Equity,,,,,
532843,Fortis Healthcare Ltd,FORTIS,Fortis Healthcare Ltd,Active,A ,10.00,INE061F01013,Equity,,,,,
532848,Delta Corp Limited,DELTACORP,Delta Corp Ltd,Active,A ,1.00,INE124G01033,Equity,,,,,
532856,Time Technoplast Limited,TIMETECHNO,Time Technoplast Ltd,Active,A ,1.00,INE508G01029,Equity,,,,,
532868,DLF LIMITED,DLF,DLF Ltd,Active,A ,2.00,INE271C01023,Equity,,,,,
532884,Refex Industries Limited,REFEX,Refex Industries Ltd,Active,A ,2.00,INE056I01025,Equity,,,,,
532885,Central Bank of India,CENTRALBK,Central Bank of India,Active,A ,10.00,INE483A01010,Equity,,,,,
532889,K.P.R. Mill Ltd.,KPRMILL,K.P.R. Mill Limited,Active,A ,1.00,INE930H01031,Equity,,,,,
532892,Motilal Oswal Financial Services Limited,MOTILALOFS,Motilal Oswal Financial Services Ltd,Active,A ,1.00,INE338I01027,Equity,,,,,
532898,POWER GRID CORPORATION OF INDIA LIMITED,POWERGRID,Power Grid Corporation of India Ltd,Active,A ,10.00,INE752E01010,Equity,,,,,
532899,Kaveri Seed Company Ltd,KSCL,Kaveri Seed Company Ltd,Active,A ,2.00,INE455I01029,Equity,,,,,
532900,PAISALO DIGITAL LIMITED,PAISALO,Paisalo Digital Ltd,Active,A ,1.00,INE420C01059,Equity,,,,,
532915,Religare Enterprises Ltd,RELIGARE,Religare Enterprises Ltd,Active,A ,10.00,INE621H01010,Equity,,,,,
532921,Adani Ports and Special Economic Zone Ltd,ADANIPORTS,Adani Ports and Special Economic Zone Ltd,Active,A ,2.00,INE742F01042,Equity,,,,,
532922,Edelweiss Financial Services Ltd.,EDELWEISS,Edelweiss Financial Services Ltd,Active,A ,1.00,INE532F01054,Equity,,,,,
532926,JYOTHY LABS LIMITED,JYOTHYLAB,Jyothy Labs Ltd,Active,A ,1.00,INE668F01031,Equity,,,,,
532927,eClerx Services Limited,ECLERX,eClerx Services Ltd,Active,A ,10.00,INE738I01010,Equity,,,,,
532928,Transformers and Rectifiers (India) Limited,TARIL,Transformers and Rectifiers (India) Ltd,Active,A ,1.00,INE763I01026,Equity,,,,,
532929,Brigade Enterprises Limited,BRIGADE,Brigade Enterprises Ltd,Active,A ,10.00,INE791I01019,Equity,,,,,
532939,Reliance Power Limited,RPOWER,Reliance Power Ltd,Active,A ,10.00,INE614G01033,Equity,,,,,
532940,J. Kumar Infraprojects Limited,JKIL,J. Kumar Infraprojects Ltd,Active,A ,5.00,INE576I01022,Equity,,,,,
532942,KNR Constructions Limited,KNRCON,KNR Constructions Ltd,Active,A ,2.00,INE634I01029,Equity,,,,,
532947,IRB Infrastructure Developers Limited,IRB,IRB Infrastructure Developers Ltd,Active,A ,1.00,INE821I01022,Equity,,,,,
532953,V-Guard Industries Ltd.,VGUARD,V-Guard Industries Ltd,Active,A ,1.00,INE951I01027,Equity,,,,,
532955,REC LIMITED,RECLTD,REC Ltd,Active,A ,10.00,INE020B01018,Equity,,,,,
532966,TITAGARH RAIL SYSTEMS LIMITED,TITAGARH,Titagarh Rail Systems Ltd,Active,A ,2.00,INE615H01020,Equity,,,,,
532967,KIRI INDUSTRIES LIMITED,KIRIINDUS,Kiri Industries Ltd,Active,A ,10.00,INE415I01015,Equity,,,,,
532976,Jai Balaji Industries Limited,JAIBALAJI,Jai Balaji Industries Ltd,Active,A ,2.00,INE091G01026,Equity,,,,,
532977,Bajaj Auto Limited,BAJAJ-AUTO,Bajaj Auto Ltd,Active,A ,10.00,INE917I01010,Equity,,,,,
532978,Bajaj Finserv Limited,BAJAJFINSV,Bajaj Finserv Ltd,Active,A ,1.00,INE918I01026,Equity,,,,,
532985,Kotak Mahindra Mutual Fund,SENSEX1,Kotak S&P BSE Sensex ETF,Active,A ,1.00,INF174KA1JD7,Equity,,,,,
533023,ZF Commercial Vehicle Control Systems India Limited,ZFCVINDIA,ZF Commercial Vehicle Control Systems India Ltd,Active,A ,5.00,INE342J01019,Equity,,,,,
533033,ISGEC Heavy Engineering Limited,ISGEC,ISGEC Heavy Engineering Ltd,Active,A ,1.00,INE858B01029,Equity,,,,,
533096,Adani Power Limited,ADANIPOWER,Adani Power Ltd,Active,A ,2.00,INE814H01029,Equity,,,,,
533098,NHPC Limited,NHPC,NHPC Ltd,Active,A ,10.00,INE848E01016,Equity,,,,,
533106,Oil India Limited,OIL,Oil India Ltd,Active,A ,10.00,INE274J01014,Equity,,,,,
533122,RattanIndia Power Limited,RTNPOWER,RattanIndia Power Ltd,Active,A ,10.00,INE399K01017,Equity,,,,,
533148,JSW Energy Limited,JSWENERGY,JSW Energy Ltd,Active,A ,10.00,INE121E01018,Equity,,,,,
533150,Godrej Properties Limited,GODREJPROP,Godrej Properties Ltd,Active,A ,5.00,INE484J01027,Equity,,,,,
533155,Jubilant Foodworks Limited,JUBLFOOD,Jubilant FoodWorks Ltd,Active,A ,2.00,INE797F01020,Equity,,,,,
533158,Thangamayil Jewellery Limited,THANGAMAYL,Thangamayil Jewellery Ltd,Active,A ,10.00,INE085J01014,Equity,,,,,
533160,VALOR ESTATE LIMITED,DBREALTY,Valor Estate Ltd,Active,A ,10.00,INE879I01012,Equity,,,,,
533169,MAN INFRACONSTRUCTION LIMITED,MANINFRA,Man Infraconstruction Ltd,Active,A ,2.00,INE949H01023,Equity,,,,,
533179,Persistent Systems Limited,PERSISTENT,Persistent Systems Ltd,Active,A ,5.00,INE262H01021,Equity,,,,,
533206,SJVN LIMITED,SJVN,SJVN Ltd,Active,A ,10.00,INE002L01015,Equity,,,,,
533248,Gujarat Pipavav Port Limited,GPPL,Gujarat Pipavav Port Ltd,Active,A ,10.00,INE517F01014,Equity,,,,,
533269,VA Tech Wabag Limited,WABAG,VA Tech Wabag Ltd,Active,A ,2.00,INE956G01038,Equity,,,,,
533271,Ashoka Buildcon Limited,ASHOKA,Ashoka Buildcon Ltd,Active,A ,5.00,INE442H01029,Equity,,,,,
533272,JUPITER WAGONS LIMITED,JWL,Jupiter Wagons Ltd,Active,A ,10.00,INE209L01016,Equity,,,,,
533273,OBEROI REALTY LIMITED,OBEROIRLTY,Oberoi Realty Ltd,Active,A ,10.00,INE093I01010,Equity,,,,,
533274,Prestige Estates Projects Limited,PRESTIGE,Prestige Estates Projects Ltd,Active,A ,10.00,INE811K01011,Equity,,,,,
533278,Coal India Limited,COALINDIA,Coal India Ltd,Active,A ,10.00,INE522F01014,Equity,,,,,
533282,GRAVITA INDIA LIMITED,GRAVITA,Gravita India Ltd,Active,A ,2.00,INE024L01027,Equity,,,,,
533286,MOIL Limited,MOIL,Moil Ltd,Active,A ,10.00,INE490G01020,Equity,,,,,
533293,Kirloskar Oil Engines Limited,KIRLOSENG,Kirloskar Oil Engines Ltd,Active,A ,2.00,INE146L01010,Equity,,,,,
533326,Texmaco Rail & Engineering Limited,TEXRAIL,Texmaco Rail & Engineering Ltd,Active,A ,1.00,INE621L01012,Equity,,,,,
533339,Zen Technologies Ltd.,ZENTEC,ZEN Technologies Ltd,Active,A ,1.00,INE251B01027,Equity,,,,,
533398,MUTHOOT FINANCE LIMITED,MUTHOOTFIN,Muthoot Finance Ltd,Active,A ,10.00,INE414G01012,Equity,,,,,
533519,L&T Finance Limited,LTF,L&T Finance Ltd,Active,A ,10.00,INE498L01015,Equity,,,,,
533553,TD Power Systems Ltd,TDPOWERSYS,TD Power Systems Ltd,Active,A ,2.00,INE419M01027,Equity,,,,,
533573,ALEMBIC PHARMACEUTICALS LIMITED,APLLTD,Alembic Pharmaceuticals Ltd,Active,A ,2.00,INE901L01018,Equity,,,,,
533581,PG Electroplast Limited,PGEL,PG Electroplast Ltd,Active,A ,1.00,INE457L01029,Equity,,,,,
533655,Triveni Turbine Limited,TRITURBINE,Triveni Turbine Ltd,Active,A ,1.00,INE152M01016,Equity,,,,,
533758,APL Apollo Tubes Limited,APLAPOLLO,APL Apollo Tubes Ltd,Active,A ,2.00,INE702C01027,Equity,,,,,
534076,RHI MAGNESITA INDIA LIMITED,RHIM,Rhi Magnesita India Ltd,Active,A ,1.00,INE743M01012,Equity,,,,,
534091,Multi Commodity Exchange of India Ltd,MCX,Multi Commodity Exchange of India Ltd,Active,A ,2.00,INE745G01043,Equity,,,,,
534309,NBCC (India) Limited,NBCC,NBCC (India) Ltd,Active,A ,1.00,INE095N01031,Equity,,,,,
534597,RATTANINDIA ENTERPRISES LIMITED,RTNINDIA,Rattanindia Enterprises Ltd,Active,A ,2.00,INE834M01019,Equity,,,,,
534618,WAAREE RENEWABLE TECHNOLOGIES LIMITED,WAAREERTL,Waaree Renewable Technologies Ltd,Active,A ,2.00,INE299N01021,Equity,,,,,
534758,Cigniti Technologies Ltd,CIGNITITEC,Cigniti Technologies Ltd,Active,A ,10.00,INE675C01017,Equity,,,,,
534804,CARE Ratings Limited,CARERATING,CARE Ratings Ltd,Active,A ,10.00,INE752H01013,Equity,,,,,
534809,PC JEWELLER LIMITED,PCJEWELLER,PC Jeweller Ltd,Active,A ,1.00,INE785M01021,Equity,,,,,
534816,INDUS TOWERS LIMITED,INDUSTOWER,Indus Towers Ltd,Active,A ,10.00,INE121J01017,Equity,,,,,
534976,V-Mart Retail Limited,VMART,V-Mart Retail Ltd,Active,A ,10.00,INE665J01013,Equity,,,,,
535276,SBI Mutual Fund,SBISENSEX,SBI Mutual Fund - SBI Sensex ETF,Active,A ,10.00,INF200K01VT2,Equity,,,,,
535648,Just Dial Limited,JUSTDIAL,Just Dial Ltd,Active,A ,10.00,INE599M01018,Equity,,,,,
535754,ORIENT CEMENT LIMITED,ORIENTCEM,Orient Cement Ltd,Active,A ,1.00,INE876N01018,Equity,,,,,
535755,Aditya Birla Fashion and Retail Limited,ABFRL,Aditya Birla Fashion and Retail Ltd,Active,A ,10.00,INE647O01011,Equity,,,,,
535789,Sammaan Capital Limited,SAMMAANCAP,Sammaan Capital Ltd,Active,A ,2.00,INE148I01020,Equity,,,,,
538057,Nippon India Mutual Fund,CPSEETF,CPSE ETF,Active,A ,10.00,INF457M01133,Equity,,,,,
538562,Skipper Limited,SKIPPER,Skipper Ltd,Active,A ,1.00,INE439E01022,Equity,,,,,
538666,Sharda Cropchem Limited,SHARDACROP,Sharda Cropchem Ltd,Active,A ,10.00,INE221J01015,Equity,,,,,
538683,Nippon India Mutual Fund,SENSEXBEES,Nippon India ETF S&P BSE Sensex,Active,A ,10.00,INF204KA1UN7,Equity,,,,,
538835,INTELLECT DESIGN ARENA LIMITED,INTELLECT,Intellect Design Arena Ltd,Active,A ,5.00,INE306R01017,Equity,,,,,
538962,Minda Corporation Limited,MINDACORP,Minda Corporation Ltd,Active,A ,2.00,INE842C01021,Equity,,,,,
539006,PTC Industries Ltd.,PTCIL,PTC Industries Ltd,Active,A ,10.00,INE596F01018,Equity,,,,,
539031,SBI Mutual Fund,SETFBSE100,SBI Mutual Fund - SBI - ETF BSE 100,Active,A ,10.00,INF200KA1572,Equity,,,,,
539083,Inox Wind Limited,INOXWIND,Inox Wind Ltd,Active,A ,10.00,INE066P01011,Equity,,,,,
539150,PNC Infratech Limited,PNCINFRA,PNC Infratech Ltd,Active,A ,2.00,INE195J01029,Equity,,,,,
539177,Authum Investment & Infrastructure Limited,AIIL,Authum Investment & Infrastructure Ltd,Active,A ,1.00,INE206F01022,Equity,,,,,
539254,Adani Energy Solutions Limited,ADANIENSOL,Adani Energy Solutions Ltd,Active,A ,10.00,INE931S01010,Equity,,,,,
539268,Syngene International Limited,SYNGENE,Syngene International Ltd,Active,A ,10.00,INE398R01022,Equity,,,,,
539302,Power Mech Projects Limited,POWERMECH,Power Mech Projects Ltd,Active,A ,10.00,INE211R01019,Equity,,,,,
539312,UTI Mutual Fund,SENSEXBETA,UTI BSE SENSEX ETF,Active,A ,10.00,INF789FB1X58,Equity,,,,,
539336,Gujarat Gas Limited,GUJGASLTD,Gujarat Gas Ltd,Active,A ,2.00,INE844O01030,Equity,,,,,
539437,IDFC FIRST BANK LIMITED,IDFCFIRSTB,IDFC First Bank Ltd,Active,A ,10.00,INE092T01019,Equity,,,,,
539448,InterGlobe Aviation Limited,INDIGO,InterGlobe Aviation Ltd,Active,A ,10.00,INE646L01027,Equity,,,,,
539487,LIC Mutual Fund,LICNETFSEN,LIC MF EXCHANGE TRADED FUND- SENSEX,Active,A ,10.00,INF767K01OT5,Equity,,,,,
539517,HDFC Mutual Fund,HDFCSENSEX,HDFC BSE SENSEX ETF,Active,A ,25.04,INF179KC1HX2,Equity,,,,,
539523,Alkem Laboratories Limited,ALKEM,Alkem Laboratories Ltd,Active,A ,2.00,INE540L01014,Equity,,,,,
539524,Dr. Lal Pathlabs Limited,LALPATHLAB,Dr. Lal PathLabs Ltd,Active,A ,10.00,INE600L01024,Equity,,,,,
539551,Narayana Hrudayalaya Limited,NH,Narayana Hrudayalaya Ltd,Active,A ,10.00,INE410P01011,Equity,,,,,
539787,HealthCare Global Enterprises Limited,HCG,HealthCare Global Enterprises Ltd,Active,A ,10.00,INE075I01017,Equity,,,,,
539807,AvenuesAI Limited,CCAVENUE,AvenuesAI Ltd,Active,A ,1.00,INE483S01020,Equity,,,,,
539876,Crompton Greaves Consumer Electricals Limited,CROMPTON,Crompton Greaves Consumer Electricals Ltd,Active,A ,2.00,INE299U01018,Equity,,,,,
539957,Mahanagar Gas Limited,MGL,Mahanagar Gas Ltd,Active,A ,10.00,INE002S01010,Equity,,,,,
539978,Quess Corp Limited,QUESS,Quess Corp Ltd,Active,A ,10.00,INE615P01015,Equity,,,,,
539992,LLOYDS ENGINEERING WORKS LIMITED,LLOYDSENGG,Lloyds Engineering Works Ltd,Active,A ,1.00,INE093R01011,Equity,,,,,
540005,LTIMindtree Limited,LTM,LTIMindtree Ltd,Active,A ,1.00,INE214T01019,Equity,,,,,
540008,Aditya Birla Sun Life Mutual Fund,BSLSENETFG,Aditya Birla Sun Life BSE Sensex ETF,Active,A ,1.00,INF209KB10E8,Equity,,,,,
540047,Dilip Buildcon Limited,DBL,Dilip Buildcon Ltd,Active,A ,10.00,INE917M01012,Equity,,,,,
540065,RBL Bank Limited,RBLBANK,RBL Bank Ltd,Active,A ,10.00,INE976G01028,Equity,,,,,
540073,BLS International Services Ltd,BLS,BLS International Services Ltd,Active,A ,1.00,INE153T01027,Equity,,,,,
540115,L&T Technology Services Limited,LTTS,L&T Technology Services Ltd,Active,A ,2.00,INE010V01017,Equity,,,,,
540133,ICICI Prudential Life Insurance Company Limited,ICICIPRULI,ICICI Prudential Life Insurance Company Ltd,Active,A ,10.00,INE726G01019,Equity,,,,,
540153,Endurance Technologies Limited,ENDURANCE,Endurance Technologies Ltd,Active,A ,10.00,INE913H01037,Equity,,,,,
540154,Bandhan Mutual Fund,IDFSENSEXE,Bandhan S&P BSE SENSEX ETF,Active,A ,10.00,INF194KA1T91,Equity,,,,,
540173,PNB Housing Finance Limited,PNBHOUSING,PNB Housing Finance Ltd,Active,A ,10.00,INE572E01012,Equity,,,,,
540180,Varun Beverages Limited,VBL,Varun Beverages Ltd,Active,A ,2.00,INE200M01039,Equity,,,,,
540203,Sheela Foam Limited,SFL,Sheela Foam Ltd,Active,A ,5.00,INE916U01025,Equity,,,,,
540205,Aditya Vision Limited,AVL,Aditya Vision Ltd,Active,A ,1.00,INE679V01027,Equity,,,,,
540222,Laurus Labs Limited,LAURUSLABS,Laurus Labs Ltd,Active,A ,2.00,INE947Q01028,Equity,,,,,
540293,Pricol Limited,PRICOLLTD,Pricol Ltd,Active,A ,1.00,INE726V01018,Equity,,,,,
540376,Avenue Supermarts Limited,DMART,Avenue Supermarts Ltd,Active,A ,10.00,INE192R01011,Equity,,,,,
540530,Housing &Urban Development Corporation Ltd.,HUDCO,Housing & Urban Development Corporation Ltd,Active,A ,10.00,INE031A01017,Equity,,,,,
540575,Star Cement Limited,STARCEMENT,Star Cement Ltd,Active,A ,1.00,INE460H01021,Equity,,,,,
540595,Tejas Networks Limited,TEJASNET,Tejas Networks Ltd,Active,A ,10.00,INE010J01012,Equity,,,,,
540596,Eris Lifesciences Limited,ERIS,Eris Lifesciences Ltd,Active,A ,1.00,INE406M01024,Equity,,,,,
540611,AU Small Finance Bank Limited,AUBANK,AU Small Finance Bank Ltd,Active,A ,10.00,INE949L01017,Equity,,,,,
540678,Cochin Shipyard Limited,COCHINSHIP,Cochin Shipyard Ltd,Active,A ,5.00,INE704P01025,Equity,,,,,
540680,KIOCL Limited,KIOCL,KIOCL Ltd,Active,A ,10.00,INE880L01014,Equity,,,,,
540691,Aditya Birla Capital Ltd,ABCAPITAL,Aditya Birla Capital Ltd,Active,A ,10.00,INE674K01013,Equity,,,,,
540699,Dixon Technologies (India) Limited,DIXON,Dixon Technologies (India) Ltd,Active,A ,2.00,INE935N01020,Equity,,,,,
540716,ICICI Lombard General Insurance Company Limited ,ICICIGI,ICICI Lombard General Insurance Company Ltd,Active,A ,10.00,INE765G01017,Equity,,,,,
540719,SBI Life Insurance Company Limited,SBILIFE,SBI Life Insurance Company Ltd,Active,A ,10.00,INE123W01016,Equity,,,,,
540743,Godrej Agrovet Limited,GODREJAGRO,Godrej Agrovet Ltd,Active,A ,10.00,INE850D01014,Equity,,,,,
540750,Indian Energy Exchange Limited,IEX,Indian Energy Exchange Ltd,Active,A ,1.00,INE022Q01020,Equity,,,,,
540755,General Insurance Corporation of India,GICRE,General Insurance Corporation of India,Active,A ,5.00,INE481Y01014,Equity,,,,,
540762,Tube Investments of India Ltd,TIINDIA,Tube Investments of India Ltd,Active,A ,1.00,INE974X01010,Equity,,,,,
540767,NIPPON LIFE INDIA ASSET MANAGEMENT LIMITED,NAM-INDIA,Nippon Life India Asset Management Ltd,Active,A ,10.00,INE298J01013,Equity,,,,,
540769,The New India Assurance Company Limited,NIACL,The New India Assurance Company Ltd,Active,A ,5.00,INE470Y01017,Equity,,,,,
540777,HDFC LIFE INSURANCE COMPANY LIMITED,HDFCLIFE,HDFC Life Insurance Company Ltd,Active,A ,10.00,INE795G01014,Equity,,,,,
540787,ICICI Prudential Mutual Fund,ICICIB22,BHARAT 22 ETF - ICICI Prudential AMC,Active,A ,10.00,INF109KB15Y7,Equity,,,,,
540879,Apollo Micro Systems Limited,APOLLO,Apollo Micro Systems Ltd,Active,A ,1.00,INE713T01028,Equity,,,,,
540900,Newgen Software Technologies Limited,NEWGEN,Newgen Software Technologies Ltd,Active,A ,10.00,INE619B01017,Equity,,,,,
540902,Amber Enterprises India Limited,AMBER,Amber Enterprises India Ltd,Active,A ,10.00,INE371P01015,Equity,,,,,
540935,Galaxy Surfactants Limited,GALAXYSURF,Galaxy Surfactants Ltd,Active,A ,10.00,INE600K01018,Equity,,,,,
540975,Aster DM Healthcare Limited,ASTERDM,Aster DM Healthcare Ltd,Active,A ,10.00,INE914M01019,Equity,,,,,
541143,Bharat Dynamics Limited,BDL,Bharat Dynamics Ltd,Active,A ,5.00,INE171Z01026,Equity,,,,,
541153,Bandhan Bank Limited,BANDHANBNK,Bandhan Bank Ltd,Active,A ,10.00,INE545U01014,Equity,,,,,
541154,Hindustan Aeronautics Limited,HAL,Hindustan Aeronautics Ltd,Active,A ,5.00,INE066F01020,Equity,,,,,
541195,Mishra Dhatu Nigam Limited,MIDHANI,Mishra Dhatu Nigam Ltd,Active,A ,10.00,INE099Z01011,Equity,,,,,
541233,Lemon Tree Hotels Limited,LEMONTREE,Lemon Tree Hotels Ltd,Active,A ,10.00,INE970X01018,Equity,,,,,
541313,ICICI Prudential Mutual Fund,BSE500IETF,ICICI Prudential BSE 500 ETF,Active,A ,1.00,INF109KC1V59,Equity,,,,,
541450,Adani Green Energy Limited,ADANIGREEN,Adani Green Energy Ltd,Active,A ,10.00,INE364U01010,Equity,,,,,
541556,RITES Limited,RITES,RITES Ltd,Active,A ,10.00,INE320J01015,Equity,,,,,
541557,Fine Organic Industries Limited,FINEORG,Fine Organic Industries Ltd,Active,A ,5.00,INE686Y01026,Equity,,,,,
541578,Varroc Engineering Limited,VARROC,Varroc Engineering Ltd,Active,A ,1.00,INE665L01035,Equity,,,,,
541729,HDFC Asset Management Company Limited,HDFCAMC,HDFC Asset Management Company Ltd,Active,A ,5.00,INE127D01025,Equity,,,,,
541770,CreditAccess Grameen Ltd.,CREDITACC,CreditAccess Grameen Ltd,Active,A ,10.00,INE741K01010,Equity,,,,,
541956,IRCON International Ltd,IRCON,IRCON International Ltd,Active,A ,2.00,INE962Y01021,Equity,,,,,
541967,Sky Gold And Diamonds Limited,SKYGOLD,Sky Gold And Diamonds Ltd,Active,A ,10.00,INE01IU01018,Equity,,,,,
541972,SBI Mutual Fund,SETFSN50,SBI - ETF - SENSEX NEXT 50,Active,A ,10.00,INF200KA1VQ2,Equity,,,,,
541974,Manorama Industries Limited,MANORAMA,Manorama Industries Ltd,Active,A ,2.00,INE00VM01036,Equity,,,,,
541988,AAVAS Financiers Limited,AAVAS,AAVAS Financiers Ltd,Active,A ,10.00,INE216P01012,Equity,,,,,
542011,Garden Reach Shipbuilders & Engineers Limited,GRSE,Garden Reach Shipbuilders & Engineers Ltd,Active,A ,10.00,INE382Z01011,Equity,,,,,
542066,ADANI TOTAL GAS LIMITED,ATGL,Adani Total Gas Ltd,Active,A ,1.00,INE399L01023,Equity,,,,,
542141,Techno Electric & Engineering Company Limited,TECHNOE,Techno Electric & Engineering Company Ltd,Active,A ,2.00,INE285K01026,Equity,,,,,
542216,DALMIA BHARAT LIMITED,DALBHARAT,Dalmia Bharat Ltd,Active,A ,2.00,INE00R701025,Equity,,,,,
542323,KPI Green Energy Limited,KPIGREEN,KPI Green Energy Ltd,Active,A ,5.00,INE542W01025,Equity,,,,,
542399,Chalet Hotels Limited,CHALET,Chalet Hotels Ltd,Active,A ,10.00,INE427F01016,Equity,,,,,
542460,The Anup Engineering Ltd,ANUP,The Anup Engineering Ltd,Active,A ,10.00,INE294Z01018,Equity,,,,,
542484,Arvind Fashions Limited,ARVINDFASN,Arvind Fashions Ltd,Active,A ,4.00,INE955V01021,Equity,,,,,
542513,UTI Mutual Fund,SNXT50BETA,UTI BSE Sensex Next 50 ETF,Active,A ,1.00,INF789F1AUU3,Equity,,,,,
542649,Rail Vikas Nigam Limited,RVNL,Rail Vikas Nigam Ltd,Active,A ,10.00,INE415G01027,Equity,,,,,
542650,Metropolis Healthcare Limited,METROPOLIS,Metropolis Healthcare Ltd,Active,A ,2.00,INE112L01020,Equity,,,,,
542651,KPIT Technologies Ltd,KPITTECH,KPIT Technologies Ltd,Active,A ,10.00,INE04I401011,Equity,,,,,
542652,Polycab India Limited,POLYCAB,Polycab India Ltd,Active,A ,10.00,INE455K01017,Equity,,,,,
542726,IndiaMART InterMESH Limited,INDIAMART,IndiaMART InterMESH Ltd,Active,A ,10.00,INE933S01016,Equity,,,,,
542747,Nippon India Mutual Fund,SNXT50BEES,Nippon India ETF S&P BSE Sensex Next 50,Active,A ,10.00,INF204KB15D0,Equity,,,,,
542752,AFFLE 3I LIMITED,AFFLE,Affle 3I Ltd,Active,A ,2.00,INE00WC01027,Equity,,,,,
542760,STERLING AND WILSON RENEWABLE ENERGY LIMITED,SWSOLAR,Sterling and Wilson Renewable Energy Ltd,Active,A ,1.00,INE00M201021,Equity,,,,,
542772,360 ONE WAM LIMITED,360ONE,360 ONE WAM LTD,Active,A ,1.00,INE466L01038,Equity,,,,,
542773,IIFL CAPITAL SERVICES LIMITED,IIFLCAPS,IIFL Capital Services Ltd,Active,A ,2.00,INE489L01022,Equity,,,,,
542812,Gujarat Fluorochemicals Limited,FLUOROCHEM,Gujarat Fluorochemicals Ltd,Active,A ,1.00,INE09N301011,Equity,,,,,
542830,Indian Railway Catering & Tourism Corporation Ltd,IRCTC,Indian Railway Catering and Tourism Corporation Ltd,Active,A ,2.00,INE335Y01020,Equity,,,,,
542867,CSB Bank Limited,CSBBANK,CSB Bank Ltd,Active,A ,10.00,INE679A01013,Equity,,,,,
542904,Ujjivan Small Finance Bank Limited,UJJIVANSFB,Ujjivan Small Finance Bank Ltd,Active,A ,10.00,INE551W01018,Equity,,,,,
542920,SUMITOMO CHEMICAL INDIA LIMITED,SUMICHEM,Sumitomo Chemical India Ltd,Active,A ,10.00,INE258G01013,Equity,,,,,
543064,Cohance Lifesciences Limited,COHANCE,Cohance Lifesciences Ltd,Active,A ,1.00,INE03QK01018,Equity,,,,,
543066,SBI CARDS AND PAYMENT SERVICES LIMITED,SBICARD,SBI Cards and Payment Services Ltd,Active,A ,10.00,INE018E01016,Equity,,,,,
543187,HITACHI ENERGY INDIA LIMITED,POWERINDIA,Hitachi Energy India Ltd,Active,A ,2.00,INE07Y701011,Equity,,,,,
543220,Max Healthcare Institute Limited,MAXHEALTH,Max Healthcare Institute Ltd,Active,A ,10.00,INE027H01010,Equity,,,,,
543227,Happiest Minds Technologies Limited,HAPPSTMNDS,Happiest Minds Technologies Ltd,Active,A ,2.00,INE419U01012,Equity,,,,,
543232,Computer Age Management Services Limited,CAMS,Computer Age Management Services Ltd,Active,A ,2.00,INE596I01020,Equity,,,,,
543235,ANGEL ONE LIMITED,ANGELONE,Angel One Ltd,Active,A ,1.00,INE732I01021,Equity,,,,,
543237,Mazagon Dock Shipbuilders Limited,MAZDOCK,Mazagon Dock Shipbuilders Ltd,Active,A ,5.00,INE249Z01020,Equity,,,,,
543238,UTI Asset Management Company Limited,UTIAMC,UTI Asset Management Company Ltd,Active,A ,10.00,INE094J01016,Equity,,,,,
543243,Equitas Small Finance Bank Limited,EQUITASBNK,Equitas Small Finance Bank Ltd,Active,A ,10.00,INE063P01018,Equity,,,,,
543245, Gland Pharma Limited,GLAND,Gland Pharma Ltd,Active,A ,1.00,INE068V01023,Equity,,,,,
543248,Restaurant Brands Asia Limited,RBA,Restaurant Brands Asia Ltd,Active,A ,10.00,INE07T201019,Equity,,,,,
543253,Mrs. Bectors Food Specialities Limited,BECTORFOOD,Mrs. Bectors Food Specialities Ltd,Active,A ,2.00,INE495P01020,Equity,,,,,
543257,Indian Railway Finance Corporation,IRFC,Indian Railway Finance Corporation Ltd,Active,A ,10.00,INE053F01010,Equity,,,,,
543259,Home First Finance Company India Limited,HOMEFIRST,Home First Finance Company India Ltd,Active,A ,2.00,INE481N01025,Equity,,,,,
543265,RailTel Corporation of India Limited,RAILTEL,RailTel Corporation of India Ltd,Active,A ,10.00,INE0DD101019,Equity,,,,,
543270,MTAR Technologies Limited,MTARTECH,MTAR Technologies Ltd,Active,A ,10.00,INE864I01014,Equity,,,,,
543271,Jubilant Ingrevia Limited,JUBLINGREA,Jubilant Ingrevia Ltd,Active,A ,1.00,INE0BY001018,Equity,,,,,
543272,Easy Trip Planners Limited,EASEMYTRIP,Easy Trip Planners Ltd,Active,A ,1.00,INE07O001026,Equity,,,,,
543275,Anupam Rasayan India Limited,ANURAS,Anupam Rasayan India Ltd,Active,A ,10.00,INE930P01018,Equity,,,,,
543276,Craftsman Automation Limited,CRAFTSMAN,Craftsman Automation Ltd,Active,A ,5.00,INE00LO01017,Equity,,,,,
543277,Laxmi Organic Industries Limited,LXCHEM,Laxmi Organic Industries Ltd,Active,A ,2.00,INE576O01020,Equity,,,,,
543278,Kalyan Jewellers India Limited,KALYANKJIL,Kalyan Jewellers India Ltd,Active,A ,10.00,INE303R01014,Equity,,,,,
543280,Nazara Technologies Limited,NAZARA,Nazara Technologies Ltd,Active,A ,2.00,INE418L01047,Equity,,,,,
543287,Lodha Developers Limited,LODHA,Lodha Developers Ltd,Active,A ,10.00,INE670K01029,Equity,,,,,
543299,Shyam Metalics and Energy Limited,SHYAMMETL,Shyam Metalics and Energy Ltd,Active,A ,10.00,INE810G01011,Equity,,,,,
543300,Sona BLW Precision Forgings Limited,SONACOMS,Sona BLW Precision Forgings Ltd,Active,A ,10.00,INE073K01018,Equity,,,,,
543306,Dodla Dairy Limited,DODLA,Dodla Dairy Ltd,Active,A ,10.00,INE021O01019,Equity,,,,,
543308,Krishna Institute of Medical Sciences Limited,KIMS,Krishna Institute of Medical Sciences Ltd,Active,A ,2.00,INE967H01025,Equity,,,,,
543317,G R Infraprojects Limited,GRINFRA,G R Infraprojects Ltd,Active,A ,5.00,INE201P01022,Equity,,,,,
543318,Clean Science and Technology Limited,CLEAN,Clean Science and Technology Ltd,Active,A ,1.00,INE227W01023,Equity,,,,,
543320,Eternal Limited,ETERNAL,Eternal Ltd,Active,A ,1.00,INE758T01015,Equity,,,,,
543322,ALIVUS LIFE SCIENCES LIMITED,ALIVUS,Alivus Life Sciences Ltd,Active,A ,2.00,INE03Q201024,Equity,,,,,
543330,Devyani International Limited,DEVYANI,Devyani International Ltd,Active,A ,1.00,INE872J01023,Equity,,,,,
543332,Epigral Limited,EPIGRAL,Epigral Ltd,Active,A ,10.00,INE071N01016,Equity,,,,,
543333,CarTrade Tech Limited,CARTRADE,CarTrade Tech Ltd,Active,A ,10.00,INE290S01011,Equity,,,,,
543334,Nuvoco Vistas Corporation Limited,NUVOCO,Nuvoco Vistas Corporation Ltd,Active,A ,10.00,INE118D01016,Equity,,,,,
543335,Aptus Value Housing Finance India Limited,APTUS,Aptus Value Housing Finance India Ltd,Active,A ,2.00,INE852O01025,Equity,,,,,
543349,ACUTAAS CHEMICALS LIMITED,ACUTAAS,Acutaas Chemicals Ltd,Active,A ,5.00,INE00FF01025,Equity,,,,,
543350,Vijaya Diagnostic Centre Limited,VIJAYA,Vijaya Diagnostic Centre Ltd,Active,A ,1.00,INE043W01024,Equity,,,,,
543358,Sansera Engineering Limited,SANSERA,Sansera Engineering Ltd,Active,A ,2.00,INE953O01021,Equity,,,,,
543367,Paras Defence and Space Technologies Limited,PARAS,Paras Defence and Space Technologies Ltd,Active,A ,5.00,INE045601023,Equity,,,,,
543374,Aditya Birla Sun Life AMC Limited,ABSLAMC,Aditya Birla Sun Life AMC Ltd,Active,A ,5.00,INE404A01024,Equity,,,,,
543384,FSN E-Commerce Ventures Limited,NYKAA,FSN E-Commerce Ventures Ltd,Active,A ,1.00,INE388Y01029,Equity,,,,,
543387,S.J.S. Enterprises Limited,SJS,S.J.S. Enterprises Ltd,Active,A ,10.00,INE284S01014,Equity,,,,,
543390,PB Fintech Limited,POLICYBZR,PB Fintech Ltd,Active,A ,2.00,INE417T01026,Equity,,,,,
543396,One 97 Communications Limited,PAYTM,One 97 Communications Ltd,Active,A ,1.00,INE982J01020,Equity,,,,,
543397,Sapphire Foods India Limited,SAPPHIRE,Sapphire Foods India Ltd,Active,A ,2.00,INE806T01020,Equity,,,,,
543398,Latent View Analytics Limited,LATENTVIEW,Latent View Analytics Ltd,Active,A ,1.00,INE0I7C01011,Equity,,,,,
543412,Star Health and Allied Insurance Company Limited,STARHEALTH,Star Health and Allied Insurance Company Ltd,Active,A ,10.00,INE575P01011,Equity,,,,,
543413,Tega Industries Limited,TEGA,Tega Industries Ltd,Active,A ,10.00,INE011K01018,Equity,,,,,
543415,Anand Rathi Wealth Limited,ANANDRATHI,Anand Rathi Wealth Ltd,Active,A ,5.00,INE463V01026,Equity,,,,,
543417,RateGain Travel Technologies Limited,RATEGAIN,RateGain Travel Technologies Ltd,Active,A ,1.00,INE0CLI01024,Equity,,,,,
543425,C.E. Info Systems Limited,MAPMYINDIA,C.E. Info Systems Ltd,Active,A ,2.00,INE0BV301023,Equity,,,,,
543426,Metro Brands Limited,METROBRAND,Metro Brands Ltd,Active,A ,5.00,INE317I01021,Equity,,,,,
543427,Medplus Health Services Limited,MEDPLUS,Medplus Health Services Ltd,Active,A ,2.00,INE804L01022,Equity,,,,,
543428,Data Patterns (India) Limited,DATAPATTNS,Data Patterns (India) Ltd,Active,A ,2.00,INE0IX101010,Equity,,,,,
543434,Supriya Lifescience Limited,SUPRIYA,Supriya Lifescience Ltd,Active,A ,2.00,INE07RO01027,Equity,,,,,
543441,CMS Info Systems Limited,CMSINFO,CMS Info Systems Ltd,Active,A ,10.00,INE925R01014,Equity,,,,,
543458,AWL AGRI BUSINESS LIMITED,AWL,AWL Agri Business Ltd,Active,A ,1.00,INE699H01024,Equity,,,,,
543463,Vedant Fashions Limited,MANYAVAR,Vedant Fashions Ltd,Active,A ,1.00,INE825V01034,Equity,,,,,
543482,Eureka Forbes Limited,EUREKAFORB,Eureka Forbes Ltd,Active,A ,10.00,INE0KCE01017,Equity,,,,,
543490,GMR Power and Urban Infra Limited,GMRP&UI,GMR Power and Urban Infra Ltd,Active,A ,5.00,INE0CU601026,Equity,,,,,
543498,Motherson Sumi Wiring India Limited,MSUMI,Motherson Sumi Wiring India Ltd,Active,A ,1.00,INE0FS801015,Equity,,,,,
543523,Campus Activewear Limited,CAMPUS,Campus Activewear Ltd,Active,A ,5.00,INE278Y01022,Equity,,,,,
543524,Rainbow Children's Medicare Limited,RAINBOW,Rainbow Children's Medicare Ltd,Active,A ,10.00,INE961O01016,Equity,,,,,
543526,LIFE INSURANCE CORPORATION OF INDIA,LICI,Life Insurance Corporation of India,Active,A ,10.00,INE0J1Y01017,Equity,,,,,
543527,Prudent Corporate Advisory Services Limited,PRUDENT,Prudent Corporate Advisory Services Ltd,Active,A ,5.00,INE00F201020,Equity,,,,,
543529,Delhivery Limited,DELHIVERY,Delhivery Ltd,Active,A ,1.00,INE148O01028,Equity,,,,,
543530,Paradeep Phosphates Limited,PARADEEP,Paradeep Phosphates Ltd,Active,A ,10.00,INE088F01024,Equity,,,,,
543532,ETHOS LIMITED,ETHOSLTD,Ethos Ltd,Active,A ,10.00,INE04TZ01018,Equity,,,,,
543534,Aether Industries Limited,AETHER,Aether Industries Ltd,Active,A ,10.00,INE0BWX01014,Equity,,,,,
543573,Syrma SGS Technology Limited,SYRMA,Syrma SGS Technology Ltd,Active,A ,10.00,INE0DYJ01015,Equity,,,,,
543596,Tamilnad Mercantile Bank Limited,TMB,Tamilnad Mercantile Bank Ltd,Active,A ,10.00,INE668A01016,Equity,,,,,
543626,Electronics Mart India Limited,EMIL,Electronics Mart India Ltd,Active,A ,10.00,INE02YR01019,Equity,,,,,
543635,PIRAMAL PHARMA LIMITED,PPLPHARMA,Piramal Pharma Ltd,Active,A ,10.00,INE0DK501011,Equity,,,,,
543653,Bikaji Foods International Limited,BIKAJI,Bikaji Foods International Ltd,Active,A ,1.00,INE00E101023,Equity,,,,,
543654,Global Health Limited,MEDANTA,Global Health Ltd,Active,A ,2.00,INE474Q01031,Equity,,,,,
543657,Archean Chemical Industries Limited,ACI,Archean Chemical Industries Ltd,Active,A ,2.00,INE128X01021,Equity,,,,,
543663,Five-Star Business Finance Ltd.,FIVESTAR,Five-Star Business Finance Ltd,Active,A ,1.00,INE128S01021,Equity,,,,,
543664,KAYNES TECHNOLOGY INDIA LIMITED,KAYNES,Kaynes Technology India Ltd,Active,A ,10.00,INE918Z01012,Equity,,,,,
543667,INOX GREEN ENERGY SERVICES LIMITED,INOXGREEN,Inox Green Energy Services Ltd,Active,A ,10.00,INE510W01014,Equity,,,,,
543711,Sula Vineyards Limited,SULA,Sula Vineyards Ltd,Active,A ,2.00,INE142Q01026,Equity,,,,,
543720,KFin Technologies Limited,KFINTECH,KFin Technologies Ltd,Active,A ,10.00,INE138Y01010,Equity,,,,,
543748,Aarti Pharmalabs Limited,AARTIPHARM,Aarti Pharmalabs Ltd,Active,A ,5.00,INE0LRU01027,Equity,,,,,
543768,NMDC Steel Limited,NSLNISP,NMDC Steel Ltd,Active,A ,10.00,INE0NNS01018,Equity,,,,,
543896,Avalon Technologies Limited,AVALON,Avalon Technologies Ltd,Active,A ,2.00,INE0LCL01028,Equity,,,,,
543904,Mankind Pharma Limited,MANKIND,Mankind Pharma Ltd,Active,A ,1.00,INE634S01028,Equity,,,,,
543936,Senco Gold Limited,SENCO,Senco Gold Ltd,Active,A ,5.00,INE602W01027,Equity,,,,,
543940,Jio Financial Services Limited,JIOFIN,Jio Financial Services Ltd,Active,A ,10.00,INE758E01017,Equity,,,,,
543945,NETWEB TECHNOLOGIES INDIA LIMITED,NETWEB,Netweb Technologies India Ltd,Active,A ,2.00,INE0NT901020,Equity,,,,,
543947,DSP Mutual Fund,SENSEXADD,DSP BSE Sensex ETF,Active,A ,10.00,INF740KA1SZ6,Equity,,,,,
543950,YATHARTH HOSPITAL & TRAUMA CARE SERVICES LIMITED,YATHARTH,Yatharth Hospital & Trauma Care Services Ltd,Active,A ,10.00,INE0JO301016,Equity,,,,,
543952,NIIT Learning Systems Limited,NIITMTS,NIIT Learning Systems Ltd,Active,A ,2.00,INE342G01023,Equity,,,,,
543959,SBFC Finance Limited,SBFC,SBFC Finance Ltd,Active,A ,10.00,INE423Y01016,Equity,,,,,
543960,Concord Biotech Limited,CONCORDBIO,Concord Biotech Ltd,Active,A ,1.00,INE338H01029,Equity,,,,,
543980,Jupiter Life Line Hospitals Limited,JLHL,Jupiter Life Line Hospitals Ltd,Active,A ,10.00,INE682M01012,Equity,,,,,
543981,R R KABEL LIMITED,RRKABEL,R R Kabel Ltd,Active,A ,5.00,INE777K01022,Equity,,,,,
543984,Samhi Hotels Limited,SAMHI,Samhi Hotels Ltd,Active,A ,1.00,INE08U801020,Equity,,,,,
543985,ZAGGLE PREPAID OCEAN SERVICES LIMITED,ZAGGLE,Zaggle Prepaid Ocean Services Ltd,Active,A ,1.00,INE07K301024,Equity,,,,,
543988,Nuvama Wealth Management Limited,NUVAMA,Nuvama Wealth Management Ltd,Active,A ,2.00,INE531F01023,Equity,,,,,
543990,SIGNATUREGLOBAL (INDIA) LIMITED,SIGNATURE,Signatureglobal (India) Ltd,Active,A ,1.00,INE903U01023,Equity,,,,,
543994,JSW Infrastructure Limited,JSWINFRA,JSW Infrastructure Ltd,Active,A ,2.00,INE880J01026,Equity,,,,,
543999,Mirae Asset Mutual Fund,SENSEXETF,Mirae Asset S&P BSE Sensex ETF,Active,A ,10.00,INF769K01KT9,Equity,,,,,
544009,Blue Jet Healthcare Limited,BLUEJET,Blue Jet Healthcare Ltd,Active,A ,2.00,INE0KBH01020,Equity,,,,,
544012,Cello World Limited,CELLO,Cello World Ltd,Active,A ,5.00,INE0LMW01024,Equity,,,,,
544014,Honasa Consumer Limited,HONASA,Honasa Consumer Ltd,Active,A ,10.00,INE0J5401028,Equity,,,,,
544021,Protean eGov Technologies Limited,PROTEAN,Protean eGov Technologies Ltd,Active,A ,10.00,INE004A01022,Equity,,,,,
544026,Indian Renewable Energy Development Agency Limited,IREDA,Indian Renewable Energy Development Agency Ltd,Active,A ,10.00,INE202E01016,Equity,,,,,
544028,Tata Technologies Limited,TATATECH,Tata Technologies Ltd,Active,A ,2.00,INE142M01025,Equity,,,,,
544044,India Shelter Finance Corporation Limited,INDIASHLTR,India Shelter Finance Corporation Ltd,Active,A ,5.00,INE922K01024,Equity,,,,,
544045,DOMS Industries Limited,DOMS,DOMS Industries Ltd,Active,A ,10.00,INE321T01012,Equity,,,,,
544046,INOX India Limited,INOXINDIA,INOX India Ltd,Active,A ,2.00,INE616N01034,Equity,,,,,
544061,Azad Engineering Limited,AZAD,Azad Engineering Ltd,Active,A ,2.00,INE02IJ01035,Equity,,,,,
544081,Jyoti CNC Automation Limited,JYOTICNC,Jyoti CNC Automation Ltd,Active,A ,2.00,INE980O01024,Equity,,,,,
544088,Medi Assist Healthcare Services Limited,MEDIASSIST,Medi Assist Healthcare Services Ltd,Active,A ,5.00,INE456Z01021,Equity,,,,,
544095,EPACK Durable Limited,EPACK,EPACK Durable Ltd,Active,A ,10.00,INE0G5901015,Equity,,,,,
544118,JANA SMALL FINANCE BANK LIMITED,JSFB,Jana Small Finance Bank Ltd,Active,A ,10.00,INE953L01027,Equity,,,,,
544162,Bharti Hexacom Limited,BHARTIHEXA,Bharti Hexacom Ltd,Active,A ,5.00,INE343G01021,Equity,,,,,
544172,Indegene Limited,INDGN,Indegene Ltd,Active,A ,2.00,INE065X01017,Equity,,,,,
544174,TBO TEK LIMITED,TBOTEK,TBO TEK Ltd,Active,A ,1.00,INE673O01025,Equity,,,,,
544176,Aadhar Housing Finance Limited,AADHARHFC,Aadhar Housing Finance Ltd,Active,A ,10.00,INE883F01010,Equity,,,,,
544179,Go Digit General Insurance Limited,GODIGIT,Go Digit General Insurance Ltd,Active,A ,10.00,INE03JT01014,Equity,,,,,
544181,Awfis Space Solutions Limited,AWFIS,Awfis Space Solutions Ltd,Active,A ,10.00,INE108V01019,Equity,,,,,
544192,Le Travenues Technology Limited,IXIGO,Le Travenues Technology Ltd,Active,A ,1.00,INE0HV901016,Equity,,,,,
544203,Allied Blenders and Distillers Limited,ABDL,Allied Blenders and Distillers Ltd,Active,A ,2.00,INE552Z01027,Equity,,,,,
544210,Emcure Pharmaceuticals Limited,EMCURE,Emcure Pharmaceuticals Ltd,Active,A ,10.00,INE168P01015,Equity,,,,,
544225,Ola Electric Mobility Limited,OLAELEC,Ola Electric Mobility Ltd,Active,A ,10.00,INE0LXG01040,Equity,,,,,
544226,Brainbees Solutions Limited,FIRSTCRY,Brainbees Solutions Ltd,Active,A ,2.00,INE02RE01045,Equity,,,,,
544238,Premier Energies Limited,PREMIERENE,Premier Energies Ltd,Active,A ,1.00,INE0BS701011,Equity,,,,,
544240,Raymond Lifestyle Limited,RAYMONDLSL,Raymond Lifestyle Ltd,Active,A ,2.00,INE02ID01020,Equity,,,,,
544250,Sanofi Consumer Healthcare India Limited,SANOFICONR,Sanofi Consumer Healthcare India Ltd,Active,A ,10.00,INE0UOS01011,Equity,,,,,
544252,Bajaj Housing Finance Limited,BAJAJHFL,Bajaj Housing Finance Ltd,Active,A ,10.00,INE377Y01014,Equity,,,,,
544260,Northern Arc Capital Ltd.,NORTHARC,Northern Arc Capital Ltd,Active,A ,10.00,INE850M01015,Equity,,,,,
544263,KRN HEAT EXCHANGER AND REFRIGERATION LIMITED,KRN,KRN Heat Exchanger And Refrigeration Ltd,Active,A ,10.00,INE0Q3J01015,Equity,,,,,
544274,HYUNDAI MOTOR INDIA LIMITED,HYUNDAI,Hyundai Motor India Ltd,Active,A ,10.00,INE0V6F01027,Equity,,,,,
544277,Waaree Energies Limited,WAAREEENER,Waaree Energies Ltd,Active,A ,10.00,INE377N01017,Equity,,,,,
544280,Afcons Infrastructure Limited,AFCONS,Afcons Infrastructure Ltd,Active,A ,10.00,INE101I01011,Equity,,,,,
544282,Sagility Limited,SAGILITY,Sagility Ltd,Active,A ,10.00,INE0W2G01015,Equity,,,,,
544283,ACME Solar Holdings Limited,ACMESOLAR,ACME Solar Holdings Ltd,Active,A ,2.00,INE622W01025,Equity,,,,,
544285,SWIGGY LIMITED,SWIGGY,Swiggy Ltd,Active,A ,1.00,INE00H001014,Equity,,,,,
544286,NIVA BUPA HEALTH INSURANCE COMPANY LIMITED,NIVABUPA,Niva Bupa Health Insurance Company Ltd,Active,A ,10.00,INE995S01015,Equity,,,,,
544288,BlackBuck Limited,BLACKBUCK,Black Buck Ltd,Active,A ,1.00,INE0UIZ01018,Equity,,,,,
544289,NTPC GREEN ENERGY LIMITED,NTPCGREEN,NTPC Green Energy Ltd,Active,A ,10.00,INE0ONG01011,Equity,,,,,
544290,ENVIRO INFRA ENGINEERS LIMITED,EIEL,Enviro Infra Engineers Ltd,Active,A ,10.00,INE0LLY01014,Equity,,,,,
544292,Onesource Specialty Pharma Limited,ONESOURCE,Onesource Specialty Pharma Ltd,Active,A ,1.00,INE013P01021,Equity,,,,,
544306,Sai Life Sciences Limited,SAILIFE,Sai Life Sciences Ltd,Active,A ,1.00,INE570L01029,Equity,,,,,
544307,Vishal Mega Mart Limited,VMM,Vishal Mega Mart Ltd,Active,A ,10.00,INE01EA01019,Equity,,,,,
544309,INVENTURUS KNOWLEDGE SOLUTIONS LIMITED,IKS,Inventurus Knowledge Solutions Ltd,Active,A ,1.00,INE115Q01022,Equity,,,,,
544311,International Gemmological Institute India Limited,IGIL,International Gemmological Institute India Ltd,Active,A ,2.00,INE0Q9301021,Equity,,,,,
544317,Transrail Lighting Limited,TRANSRAILL,Transrail Lighting Ltd,Active,A ,2.00,INE454P01035,Equity,,,,,
544325,ITC Hotels Limited,ITCHOTELS,ITC Hotels Ltd,Active,A ,1.00,INE379A01028,Equity,,,,,
544344,SHRIRAM PISTONS & RINGS LTD,SHRIPISTON,Shriram Pistons & Rings Ltd,Active,A ,10.00,INE526E01018,Equity,,,,,
544350,Dr. Agarwal's Health Care Limited,AGARWALEYE,Dr. Agarwals Health Care Ltd,Active,A ,1.00,INE943P01029,Equity,,,,,
544362,Hexaware Technologies Limited,HEXT,Hexaware Technologies Ltd,Active,A ,1.00,INE093A01041,Equity,,,,,
544574,Tata Capital Limited,TATACAP,Tata Capital Ltd,Active,A ,10.00,INE976I01016,Equity,,,,,
544658,ICICI Prudential Asset Management Company Limited,ICICIAMC,ICICI Prudential Asset Management Company Ltd,Active,A ,1.00,INE346A01027,Equity,,,,,
555555,ICICI Prudential Mutual Fund,SENSEXIETF,ICICI Prudential BSE Sensex ETF,Active,A ,10.00,INF346A01034,Equity,,,,,
